weight_class,category,direction,rank,fighter,score,prior_fights,days_since_last_fight,supporting_stats_json
Women's Strawweight,overall,best,1,Tatiana Suarez,1.929,10,28,"{""prior_elo"": 1623.328, ""prior_win_rate"": 0.9, ""recent_5_win_rate"": 0.8, ""avg_sig_str_differential_per_15"": 19.949, ""prior_finish_win_rate"": 0.6}"
Women's Strawweight,overall,best,2,Gillian Robertson,1.564,20,56,"{""prior_elo"": 1608.891, ""prior_win_rate"": 0.7, ""recent_5_win_rate"": 1.0, ""avg_sig_str_differential_per_15"": -6.585, ""prior_finish_win_rate"": 0.5}"
Women's Strawweight,overall,best,3,Denise Gomes,1.454,8,182,"{""prior_elo"": 1572.529, ""prior_win_rate"": 0.75, ""recent_5_win_rate"": 0.8, ""avg_sig_str_differential_per_15"": 112.292, ""prior_finish_win_rate"": 0.375}"
Women's Strawweight,overall,best,4,Virna Jandiroba,1.152,13,35,"{""prior_elo"": 1590.17, ""prior_win_rate"": 0.692, ""recent_5_win_rate"": 0.8, ""avg_sig_str_differential_per_15"": -5.348, ""prior_finish_win_rate"": 0.308}"
Women's Strawweight,overall,best,5,Mackenzie Dern,0.956,16,196,"{""prior_elo"": 1580.601, ""prior_win_rate"": 0.688, ""recent_5_win_rate"": 0.6, ""avg_sig_str_differential_per_15"": -0.472, ""prior_finish_win_rate"": 0.312}"
Women's Strawweight,overall,worst,1,Istela Nunes,-1.774,5,399,"{""prior_elo"": 1423.123, ""prior_win_rate"": 0.0, ""recent_5_win_rate"": 0.0, ""avg_sig_str_differential_per_15"": -6.091, ""prior_finish_win_rate"": 0.0}"
Women's Strawweight,overall,worst,2,Montserrat Conejo Ruiz,-1.462,5,189,"{""prior_elo"": 1442.922, ""prior_win_rate"": 0.2, ""recent_5_win_rate"": 0.2, ""avg_sig_str_differential_per_15"": -73.478, ""prior_finish_win_rate"": 0.0}"
Women's Strawweight,overall,worst,3,Jinh Yu Frey,-1.308,8,931,"{""prior_elo"": 1438.671, ""prior_win_rate"": 0.25, ""recent_5_win_rate"": 0.2, ""avg_sig_str_differential_per_15"": -27.722, ""prior_finish_win_rate"": 0.0}"
Women's Strawweight,overall,worst,4,Ashley Yoder,-1.286,11,938,"{""prior_elo"": 1432.528, ""prior_win_rate"": 0.273, ""recent_5_win_rate"": 0.2, ""avg_sig_str_differential_per_15"": -10.636, ""prior_finish_win_rate"": 0.0}"
Women's Strawweight,overall,worst,5,Hannah Goldy,-1.082,5,959,"{""prior_elo"": 1452.216, ""prior_win_rate"": 0.2, ""recent_5_win_rate"": 0.2, ""avg_sig_str_differential_per_15"": -15.936, ""prior_finish_win_rate"": 0.2}"
Women's Strawweight,striking,best,1,Denise Gomes,2.915,8,182,"{""avg_sig_str_differential_per_15"": 112.292, ""avg_sig_str_landed_per_15"": 150.445, ""avg_sig_str_absorbed_per_15"": 38.153, ""avg_sig_str_accuracy"": 0.573, ""avg_sig_str_defense"": 0.516, ""avg_kd_for"": 0.375, ""avg_kd_against"": 0.0}"
Women's Strawweight,striking,best,2,Yan Xiaonan,0.809,13,392,"{""avg_sig_str_differential_per_15"": 26.614, ""avg_sig_str_landed_per_15"": 76.858, ""avg_sig_str_absorbed_per_15"": 50.245, ""avg_sig_str_accuracy"": 0.47, ""avg_sig_str_defense"": 0.567, ""avg_kd_for"": 0.154, ""avg_kd_against"": 0.0}"
Women's Strawweight,striking,best,3,Julia Polastri,0.765,5,14,"{""avg_sig_str_differential_per_15"": 16.877, ""avg_sig_str_landed_per_15"": 95.178, ""avg_sig_str_absorbed_per_15"": 78.301, ""avg_sig_str_accuracy"": 0.59, ""avg_sig_str_defense"": 0.585, ""avg_kd_for"": 0.0, ""avg_kd_against"": 0.0}"
Women's Strawweight,striking,best,4,Amanda Lemos,0.745,15,56,"{""avg_sig_str_differential_per_15"": 12.629, ""avg_sig_str_landed_per_15"": 56.399, ""avg_sig_str_absorbed_per_15"": 43.769, ""avg_sig_str_accuracy"": 0.537, ""avg_sig_str_defense"": 0.567, ""avg_kd_for"": 0.4, ""avg_kd_against"": 0.067}"
Women's Strawweight,striking,best,5,Tecia Pennington,0.732,19,182,"{""avg_sig_str_differential_per_15"": 21.576, ""avg_sig_str_landed_per_15"": 72.855, ""avg_sig_str_absorbed_per_15"": 51.279, ""avg_sig_str_accuracy"": 0.488, ""avg_sig_str_defense"": 0.629, ""avg_kd_for"": 0.053, ""avg_kd_against"": 0.0}"
Women's Strawweight,striking,worst,1,Yazmin Jauregui,-2.469,5,602,"{""avg_sig_str_differential_per_15"": -122.734, ""avg_sig_str_landed_per_15"": 92.703, ""avg_sig_str_absorbed_per_15"": 215.437, ""avg_sig_str_accuracy"": 0.332, ""avg_sig_str_defense"": 0.433, ""avg_kd_for"": 0.4, ""avg_kd_against"": 0.6}"
Women's Strawweight,striking,worst,2,Montserrat Conejo Ruiz,-1.908,5,189,"{""avg_sig_str_differential_per_15"": -73.478, ""avg_sig_str_landed_per_15"": 38.818, ""avg_sig_str_absorbed_per_15"": 112.296, ""avg_sig_str_accuracy"": 0.298, ""avg_sig_str_defense"": 0.424, ""avg_kd_for"": 0.0, ""avg_kd_against"": 0.2}"
Women's Strawweight,striking,worst,3,Jessica Penne,-1.267,9,567,"{""avg_sig_str_differential_per_15"": -52.066, ""avg_sig_str_landed_per_15"": 42.811, ""avg_sig_str_absorbed_per_15"": 94.878, ""avg_sig_str_accuracy"": 0.365, ""avg_sig_str_defense"": 0.422, ""avg_kd_for"": 0.0, ""avg_kd_against"": 0.0}"
Women's Strawweight,striking,worst,4,Ariane Carnelossi,-0.86,6,189,"{""avg_sig_str_differential_per_15"": -26.694, ""avg_sig_str_landed_per_15"": 41.931, ""avg_sig_str_absorbed_per_15"": 68.626, ""avg_sig_str_accuracy"": 0.429, ""avg_sig_str_defense"": 0.405, ""avg_kd_for"": 0.0, ""avg_kd_against"": 0.167}"
Women's Strawweight,striking,worst,5,Jinh Yu Frey,-0.761,8,931,"{""avg_sig_str_differential_per_15"": -27.722, ""avg_sig_str_landed_per_15"": 52.658, ""avg_sig_str_absorbed_per_15"": 80.38, ""avg_sig_str_accuracy"": 0.43, ""avg_sig_str_defense"": 0.493, ""avg_kd_for"": 0.0, ""avg_kd_against"": 0.25}"
Women's Strawweight,grappling,best,1,Tatiana Suarez,2.052,10,28,"{""avg_td_landed_per_15"": 6.07, ""avg_td_accuracy"": 0.624, ""avg_td_defense"": 0.556, ""avg_ctrl_seconds_per_15"": 572.483, ""avg_sub_att_per_15"": 1.574, ""avg_td_absorbed_per_15"": 0.461, ""avg_ctrl_absorbed_seconds_per_15"": 69.739}"
Women's Strawweight,grappling,best,2,Virna Jandiroba,1.437,13,35,"{""avg_td_landed_per_15"": 3.443, ""avg_td_accuracy"": 0.478, ""avg_td_defense"": 0.736, ""avg_ctrl_seconds_per_15"": 424.719, ""avg_sub_att_per_15"": 2.932, ""avg_td_absorbed_per_15"": 0.631, ""avg_ctrl_absorbed_seconds_per_15"": 105.605}"
Women's Strawweight,grappling,best,3,Cory McKenna,1.34,6,574,"{""avg_td_landed_per_15"": 3.77, ""avg_td_accuracy"": 0.502, ""avg_td_defense"": 0.8, ""avg_ctrl_seconds_per_15"": 420.083, ""avg_sub_att_per_15"": 0.826, ""avg_td_absorbed_per_15"": 0.333, ""avg_ctrl_absorbed_seconds_per_15"": 92.066}"
Women's Strawweight,grappling,best,4,Talita Alencar,1.143,5,14,"{""avg_td_landed_per_15"": 2.827, ""avg_td_accuracy"": 0.447, ""avg_td_defense"": 1.0, ""avg_ctrl_seconds_per_15"": 297.427, ""avg_sub_att_per_15"": 0.611, ""avg_td_absorbed_per_15"": 0.0, ""avg_ctrl_absorbed_seconds_per_15"": 46.562}"
Women's Strawweight,grappling,best,5,Piera Rodriguez,0.978,7,56,"{""avg_td_landed_per_15"": 3.917, ""avg_td_accuracy"": 0.624, ""avg_td_defense"": 0.817, ""avg_ctrl_seconds_per_15"": 284.773, ""avg_sub_att_per_15"": 0.0, ""avg_td_absorbed_per_15"": 0.744, ""avg_ctrl_absorbed_seconds_per_15"": 148.348}"
Women's Strawweight,grappling,worst,1,Istela Nunes,-2.003,5,399,"{""avg_td_landed_per_15"": 0.0, ""avg_td_accuracy"": 0.0, ""avg_td_defense"": 0.457, ""avg_ctrl_seconds_per_15"": 43.945, ""avg_sub_att_per_15"": 0.0, ""avg_td_absorbed_per_15"": 7.452, ""avg_ctrl_absorbed_seconds_per_15"": 282.033}"
Women's Strawweight,grappling,worst,2,Elise Reed,-1.506,9,357,"{""avg_td_landed_per_15"": 0.333, ""avg_td_accuracy"": 0.333, ""avg_td_defense"": 0.425, ""avg_ctrl_seconds_per_15"": 78.396, ""avg_sub_att_per_15"": 0.0, ""avg_td_absorbed_per_15"": 4.262, ""avg_ctrl_absorbed_seconds_per_15"": 438.012}"
Women's Strawweight,grappling,worst,3,Ariane Carnelossi,-1.233,6,189,"{""avg_td_landed_per_15"": 0.965, ""avg_td_accuracy"": 0.179, ""avg_td_defense"": 0.281, ""avg_ctrl_seconds_per_15"": 173.925, ""avg_sub_att_per_15"": 0.193, ""avg_td_absorbed_per_15"": 3.652, ""avg_ctrl_absorbed_seconds_per_15"": 345.462}"
Women's Strawweight,grappling,worst,4,Ketlen Souza,-0.916,6,91,"{""avg_td_landed_per_15"": 0.333, ""avg_td_accuracy"": 0.156, ""avg_td_defense"": 0.553, ""avg_ctrl_seconds_per_15"": 142.029, ""avg_sub_att_per_15"": 0.824, ""avg_td_absorbed_per_15"": 3.429, ""avg_ctrl_absorbed_seconds_per_15"": 242.714}"
Women's Strawweight,grappling,worst,5,Marina Rodriguez,-0.778,13,371,"{""avg_td_landed_per_15"": 0.304, ""avg_td_accuracy"": 0.562, ""avg_td_defense"": 0.547, ""avg_ctrl_seconds_per_15"": 58.511, ""avg_sub_att_per_15"": 0.362, ""avg_td_absorbed_per_15"": 1.945, ""avg_ctrl_absorbed_seconds_per_15"": 328.811}"
Women's Strawweight,wrestling,best,1,Tatiana Suarez,2.318,10,28,"{""avg_td_landed_per_15"": 6.07, ""avg_td_attempted_per_15"": 10.329, ""avg_td_accuracy"": 0.624, ""avg_td_defense"": 0.556, ""avg_ctrl_seconds_per_15"": 572.483, ""avg_td_absorbed_per_15"": 0.461}"
Women's Strawweight,wrestling,best,2,Cory McKenna,1.41,6,574,"{""avg_td_landed_per_15"": 3.77, ""avg_td_attempted_per_15"": 6.017, ""avg_td_accuracy"": 0.502, ""avg_td_defense"": 0.8, ""avg_ctrl_seconds_per_15"": 420.083, ""avg_td_absorbed_per_15"": 0.333}"
Women's Strawweight,wrestling,best,3,Virna Jandiroba,1.291,13,35,"{""avg_td_landed_per_15"": 3.443, ""avg_td_attempted_per_15"": 7.775, ""avg_td_accuracy"": 0.478, ""avg_td_defense"": 0.736, ""avg_ctrl_seconds_per_15"": 424.719, ""avg_td_absorbed_per_15"": 0.631}"
Women's Strawweight,wrestling,best,4,Piera Rodriguez,1.276,7,56,"{""avg_td_landed_per_15"": 3.917, ""avg_td_attempted_per_15"": 6.605, ""avg_td_accuracy"": 0.624, ""avg_td_defense"": 0.817, ""avg_ctrl_seconds_per_15"": 284.773, ""avg_td_absorbed_per_15"": 0.744}"
Women's Strawweight,wrestling,best,5,Talita Alencar,1.159,5,14,"{""avg_td_landed_per_15"": 2.827, ""avg_td_attempted_per_15"": 7.444, ""avg_td_accuracy"": 0.447, ""avg_td_defense"": 1.0, ""avg_ctrl_seconds_per_15"": 297.427, ""avg_td_absorbed_per_15"": 0.0}"
Women's Strawweight,wrestling,worst,1,Istela Nunes,-2.028,5,399,"{""avg_td_landed_per_15"": 0.0, ""avg_td_attempted_per_15"": 0.2, ""avg_td_accuracy"": 0.0, ""avg_td_defense"": 0.457, ""avg_ctrl_seconds_per_15"": 43.945, ""avg_td_absorbed_per_15"": 7.452}"
Women's Strawweight,wrestling,worst,2,Elise Reed,-1.256,9,357,"{""avg_td_landed_per_15"": 0.333, ""avg_td_attempted_per_15"": 0.637, ""avg_td_accuracy"": 0.333, ""avg_td_defense"": 0.425, ""avg_ctrl_seconds_per_15"": 78.396, ""avg_td_absorbed_per_15"": 4.262}"
Women's Strawweight,wrestling,worst,3,Ariane Carnelossi,-1.055,6,189,"{""avg_td_landed_per_15"": 0.965, ""avg_td_attempted_per_15"": 1.899, ""avg_td_accuracy"": 0.179, ""avg_td_defense"": 0.281, ""avg_ctrl_seconds_per_15"": 173.925, ""avg_td_absorbed_per_15"": 3.652}"
Women's Strawweight,wrestling,worst,4,Ketlen Souza,-0.999,6,91,"{""avg_td_landed_per_15"": 0.333, ""avg_td_attempted_per_15"": 2.5, ""avg_td_accuracy"": 0.156, ""avg_td_defense"": 0.553, ""avg_ctrl_seconds_per_15"": 142.029, ""avg_td_absorbed_per_15"": 3.429}"
Women's Strawweight,wrestling,worst,5,Marina Rodriguez,-0.744,13,371,"{""avg_td_landed_per_15"": 0.304, ""avg_td_attempted_per_15"": 0.611, ""avg_td_accuracy"": 0.562, ""avg_td_defense"": 0.547, ""avg_ctrl_seconds_per_15"": 58.511, ""avg_td_absorbed_per_15"": 1.945}"
Women's Strawweight,finishing,best,1,Jaqueline Amorim,2.45,6,196,"{""prior_finish_win_rate"": 0.667, ""avg_kd_for"": 0.0, ""avg_sub_att_per_15"": 8.608, ""prior_win_rate"": 0.667}"
Women's Strawweight,finishing,best,2,Tatiana Suarez,1.438,10,28,"{""prior_finish_win_rate"": 0.6, ""avg_kd_for"": 0.0, ""avg_sub_att_per_15"": 1.574, ""prior_win_rate"": 0.9}"
Women's Strawweight,finishing,best,3,Denise Gomes,1.208,8,182,"{""prior_finish_win_rate"": 0.375, ""avg_kd_for"": 0.375, ""avg_sub_att_per_15"": 0.625, ""prior_win_rate"": 0.75}"
Women's Strawweight,finishing,best,4,Amanda Lemos,1.07,15,56,"{""prior_finish_win_rate"": 0.333, ""avg_kd_for"": 0.4, ""avg_sub_att_per_15"": 0.823, ""prior_win_rate"": 0.6}"
Women's Strawweight,finishing,best,5,Gillian Robertson,0.975,20,56,"{""prior_finish_win_rate"": 0.5, ""avg_kd_for"": 0.0, ""avg_sub_att_per_15"": 1.212, ""prior_win_rate"": 0.7}"
Women's Strawweight,finishing,worst,1,Montserrat Conejo Ruiz,-0.935,5,189,"{""prior_finish_win_rate"": 0.0, ""avg_kd_for"": 0.0, ""avg_sub_att_per_15"": 0.4, ""prior_win_rate"": 0.2}"
Women's Strawweight,finishing,worst,2,Jinh Yu Frey,-0.928,8,931,"{""prior_finish_win_rate"": 0.0, ""avg_kd_for"": 0.0, ""avg_sub_att_per_15"": 0.25, ""prior_win_rate"": 0.25}"
Women's Strawweight,finishing,worst,3,Emily Ducote,-0.88,5,721,"{""prior_finish_win_rate"": 0.0, ""avg_kd_for"": 0.0, ""avg_sub_att_per_15"": 0.0, ""prior_win_rate"": 0.4}"
Women's Strawweight,finishing,worst,4,Bruna Brasil,-0.877,8,42,"{""prior_finish_win_rate"": 0.0, ""avg_kd_for"": 0.0, ""avg_sub_att_per_15"": 0.125, ""prior_win_rate"": 0.375}"
Women's Strawweight,finishing,worst,5,Istela Nunes,-0.741,5,399,"{""prior_finish_win_rate"": 0.0, ""avg_kd_for"": 0.2, ""avg_sub_att_per_15"": 0.0, ""prior_win_rate"": 0.0}"
Women's Strawweight,defense,best,1,Talita Alencar,1.099,5,14,"{""avg_sig_str_defense"": 0.565, ""avg_td_defense"": 1.0, ""avg_sig_str_absorbed_per_15"": 48.537, ""avg_td_absorbed_per_15"": 0.0, ""avg_ctrl_absorbed_seconds_per_15"": 46.562, ""avg_kd_against"": 0.2, ""prior_finish_loss_rate"": 0.0}"
Women's Strawweight,defense,best,2,Loopy Godinez,0.888,15,28,"{""avg_sig_str_defense"": 0.625, ""avg_td_defense"": 0.756, ""avg_sig_str_absorbed_per_15"": 54.126, ""avg_td_absorbed_per_15"": 0.934, ""avg_ctrl_absorbed_seconds_per_15"": 130.574, ""avg_kd_against"": 0.0, ""prior_finish_loss_rate"": 0.067}"
Women's Strawweight,defense,best,3,Emily Ducote,0.842,5,721,"{""avg_sig_str_defense"": 0.585, ""avg_td_defense"": 0.917, ""avg_sig_str_absorbed_per_15"": 117.6, ""avg_td_absorbed_per_15"": 0.2, ""avg_ctrl_absorbed_seconds_per_15"": 4.4, ""avg_kd_against"": 0.0, ""prior_finish_loss_rate"": 0.0}"
Women's Strawweight,defense,best,4,Iasmin Lucindo,0.745,7,273,"{""avg_sig_str_defense"": 0.592, ""avg_td_defense"": 0.613, ""avg_sig_str_absorbed_per_15"": 40.463, ""avg_td_absorbed_per_15"": 0.818, ""avg_ctrl_absorbed_seconds_per_15"": 121.207, ""avg_kd_against"": 0.0, ""prior_finish_loss_rate"": 0.0}"
Women's Strawweight,defense,best,5,Virna Jandiroba,0.734,13,35,"{""avg_sig_str_defense"": 0.535, ""avg_td_defense"": 0.736, ""avg_sig_str_absorbed_per_15"": 36.889, ""avg_td_absorbed_per_15"": 0.631, ""avg_ctrl_absorbed_seconds_per_15"": 105.605, ""avg_kd_against"": 0.0, ""prior_finish_loss_rate"": 0.0}"
Women's Strawweight,defense,worst,1,Ariane Carnelossi,-1.497,6,189,"{""avg_sig_str_defense"": 0.405, ""avg_td_defense"": 0.281, ""avg_sig_str_absorbed_per_15"": 68.626, ""avg_td_absorbed_per_15"": 3.652, ""avg_ctrl_absorbed_seconds_per_15"": 345.462, ""avg_kd_against"": 0.167, ""prior_finish_loss_rate"": 0.333}"
Women's Strawweight,defense,worst,2,Elise Reed,-1.407,9,357,"{""avg_sig_str_defense"": 0.458, ""avg_td_defense"": 0.425, ""avg_sig_str_absorbed_per_15"": 53.034, ""avg_td_absorbed_per_15"": 4.262, ""avg_ctrl_absorbed_seconds_per_15"": 438.012, ""avg_kd_against"": 0.222, ""prior_finish_loss_rate"": 0.556}"
Women's Strawweight,defense,worst,3,Montserrat Conejo Ruiz,-1.389,5,189,"{""avg_sig_str_defense"": 0.424, ""avg_td_defense"": 0.444, ""avg_sig_str_absorbed_per_15"": 112.296, ""avg_td_absorbed_per_15"": 1.663, ""avg_ctrl_absorbed_seconds_per_15"": 295.97, ""avg_kd_against"": 0.2, ""prior_finish_loss_rate"": 0.6}"
Women's Strawweight,defense,worst,4,Istela Nunes,-1.095,5,399,"{""avg_sig_str_defense"": 0.624, ""avg_td_defense"": 0.457, ""avg_sig_str_absorbed_per_15"": 67.91, ""avg_td_absorbed_per_15"": 7.452, ""avg_ctrl_absorbed_seconds_per_15"": 282.033, ""avg_kd_against"": 0.4, ""prior_finish_loss_rate"": 0.6}"
Women's Strawweight,defense,worst,5,Yazmin Jauregui,-1.064,5,602,"{""avg_sig_str_defense"": 0.433, ""avg_td_defense"": 1.0, ""avg_sig_str_absorbed_per_15"": 215.437, ""avg_td_absorbed_per_15"": 0.0, ""avg_ctrl_absorbed_seconds_per_15"": 119.98, ""avg_kd_against"": 0.6, ""prior_finish_loss_rate"": 0.4}"
Women's Strawweight,elo,best,1,Tatiana Suarez,1623.328,10,28,"{""prior_elo"": 1623.328, ""prior_peak_elo"": 1623.328, ""prior_win_rate"": 0.9, ""prior_fights"": 10}"
Women's Strawweight,elo,best,2,Gillian Robertson,1608.891,20,56,"{""prior_elo"": 1608.891, ""prior_peak_elo"": 1608.891, ""prior_win_rate"": 0.7, ""prior_fights"": 20}"
Women's Strawweight,elo,best,3,Virna Jandiroba,1590.17,13,35,"{""prior_elo"": 1590.17, ""prior_peak_elo"": 1591.948, ""prior_win_rate"": 0.692, ""prior_fights"": 13}"
Women's Strawweight,elo,best,4,Mackenzie Dern,1580.601,16,196,"{""prior_elo"": 1580.601, ""prior_peak_elo"": 1580.601, ""prior_win_rate"": 0.688, ""prior_fights"": 16}"
Women's Strawweight,elo,best,5,Denise Gomes,1572.529,8,182,"{""prior_elo"": 1572.529, ""prior_peak_elo"": 1572.529, ""prior_win_rate"": 0.75, ""prior_fights"": 8}"
Women's Strawweight,elo,worst,1,Istela Nunes,1423.123,5,399,"{""prior_elo"": 1423.123, ""prior_peak_elo"": 1483.96, ""prior_win_rate"": 0.0, ""prior_fights"": 5}"
Women's Strawweight,elo,worst,2,Ashley Yoder,1432.528,11,938,"{""prior_elo"": 1432.528, ""prior_peak_elo"": 1486.891, ""prior_win_rate"": 0.273, ""prior_fights"": 11}"
Women's Strawweight,elo,worst,3,Jinh Yu Frey,1438.671,8,931,"{""prior_elo"": 1438.671, ""prior_peak_elo"": 1500.953, ""prior_win_rate"": 0.25, ""prior_fights"": 8}"
Women's Strawweight,elo,worst,4,Montserrat Conejo Ruiz,1442.922,5,189,"{""prior_elo"": 1442.922, ""prior_peak_elo"": 1516.0, ""prior_win_rate"": 0.2, ""prior_fights"": 5}"
Women's Strawweight,elo,worst,5,Jessica Penne,1447.511,9,567,"{""prior_elo"": 1447.511, ""prior_peak_elo"": 1513.6, ""prior_win_rate"": 0.333, ""prior_fights"": 9}"
Women's Strawweight,experience,best,1,Jessica Andrade,30.0,30,266,"{""prior_fights"": 30, ""prior_wins"": 17, ""prior_losses"": 13, ""prior_win_rate"": 0.567}"
Women's Strawweight,experience,best,2,Angela Hill,29.0,29,175,"{""prior_fights"": 29, ""prior_wins"": 13, ""prior_losses"": 16, ""prior_win_rate"": 0.448}"
Women's Strawweight,experience,best,3,Gillian Robertson,20.0,20,56,"{""prior_fights"": 20, ""prior_wins"": 14, ""prior_losses"": 6, ""prior_win_rate"": 0.7}"
Women's Strawweight,experience,best,4,Tecia Pennington,19.0,19,182,"{""prior_fights"": 19, ""prior_wins"": 11, ""prior_losses"": 8, ""prior_win_rate"": 0.579}"
Women's Strawweight,experience,best,5,Karolina Kowalkiewicz,19.0,19,210,"{""prior_fights"": 19, ""prior_wins"": 9, ""prior_losses"": 10, ""prior_win_rate"": 0.474}"
Women's Strawweight,experience,worst,1,Montserrat Conejo Ruiz,5.0,5,189,"{""prior_fights"": 5, ""prior_wins"": 1, ""prior_losses"": 4, ""prior_win_rate"": 0.2}"
Women's Strawweight,experience,worst,2,Istela Nunes,5.0,5,399,"{""prior_fights"": 5, ""prior_wins"": 0, ""prior_losses"": 5, ""prior_win_rate"": 0.0}"
Women's Strawweight,experience,worst,3,Emily Ducote,5.0,5,721,"{""prior_fights"": 5, ""prior_wins"": 2, ""prior_losses"": 3, ""prior_win_rate"": 0.4}"
Women's Strawweight,experience,worst,4,Hannah Goldy,5.0,5,959,"{""prior_fights"": 5, ""prior_wins"": 1, ""prior_losses"": 4, ""prior_win_rate"": 0.2}"
Women's Strawweight,experience,worst,5,Julia Polastri,5.0,5,14,"{""prior_fights"": 5, ""prior_wins"": 2, ""prior_losses"": 3, ""prior_win_rate"": 0.4}"
Women's Strawweight,reach,best,1,Ashley Yoder,69.0,11,938,"{""height_inches"": 67.0, ""reach_inches"": 69.0, ""reach_minus_height_inches"": 2.0}"
Women's Strawweight,reach,best,2,Jaqueline Amorim,68.0,6,196,"{""height_inches"": 63.0, ""reach_inches"": 68.0, ""reach_minus_height_inches"": 5.0}"
Women's Strawweight,reach,best,3,Jessica Penne,67.0,9,567,"{""height_inches"": 65.0, ""reach_inches"": 67.0, ""reach_minus_height_inches"": 2.0}"
Women's Strawweight,reach,best,4,Polyana Viana,67.0,11,378,"{""height_inches"": 65.0, ""reach_inches"": 67.0, ""reach_minus_height_inches"": 2.0}"
Women's Strawweight,reach,best,5,Amanda Ribas,66.0,13,287,"{""height_inches"": 64.0, ""reach_inches"": 66.0, ""reach_minus_height_inches"": 2.0}"
Women's Strawweight,reach,worst,1,Cory McKenna,58.0,6,574,"{""height_inches"": 63.0, ""reach_inches"": 58.0, ""reach_minus_height_inches"": -5.0}"
Women's Strawweight,reach,worst,2,Talita Alencar,58.0,5,14,"{""height_inches"": 61.0, ""reach_inches"": 58.0, ""reach_minus_height_inches"": -3.0}"
Women's Strawweight,reach,worst,3,Tecia Pennington,60.0,19,182,"{""height_inches"": 61.0, ""reach_inches"": 60.0, ""reach_minus_height_inches"": -1.0}"
Women's Strawweight,reach,worst,4,Tabatha Ricci,61.0,11,35,"{""height_inches"": 61.0, ""reach_inches"": 61.0, ""reach_minus_height_inches"": 0.0}"
Women's Strawweight,reach,worst,5,Hannah Goldy,61.0,5,959,"{""height_inches"": 64.0, ""reach_inches"": 61.0, ""reach_minus_height_inches"": -3.0}"
Women's Strawweight,reach_for_size,best,1,Jaqueline Amorim,5.0,6,196,"{""height_inches"": 63.0, ""reach_inches"": 68.0, ""reach_minus_height_inches"": 5.0}"
Women's Strawweight,reach_for_size,best,2,Iasmin Lucindo,3.0,7,273,"{""height_inches"": 63.0, ""reach_inches"": 66.0, ""reach_minus_height_inches"": 3.0}"
Women's Strawweight,reach_for_size,best,3,Carla Esparza,2.0,16,581,"{""height_inches"": 61.0, ""reach_inches"": 63.0, ""reach_minus_height_inches"": 2.0}"
Women's Strawweight,reach_for_size,best,4,Jessica Penne,2.0,9,567,"{""height_inches"": 65.0, ""reach_inches"": 67.0, ""reach_minus_height_inches"": 2.0}"
Women's Strawweight,reach_for_size,best,5,Polyana Viana,2.0,11,378,"{""height_inches"": 65.0, ""reach_inches"": 67.0, ""reach_minus_height_inches"": 2.0}"
Women's Strawweight,reach_for_size,worst,1,Cory McKenna,-5.0,6,574,"{""height_inches"": 63.0, ""reach_inches"": 58.0, ""reach_minus_height_inches"": -5.0}"
Women's Strawweight,reach_for_size,worst,2,Hannah Goldy,-3.0,5,959,"{""height_inches"": 64.0, ""reach_inches"": 61.0, ""reach_minus_height_inches"": -3.0}"
Women's Strawweight,reach_for_size,worst,3,Talita Alencar,-3.0,5,14,"{""height_inches"": 61.0, ""reach_inches"": 58.0, ""reach_minus_height_inches"": -3.0}"
Women's Strawweight,reach_for_size,worst,4,Yan Xiaonan,-2.0,13,392,"{""height_inches"": 65.0, ""reach_inches"": 63.0, ""reach_minus_height_inches"": -2.0}"
Women's Strawweight,reach_for_size,worst,5,Gillian Robertson,-2.0,20,56,"{""height_inches"": 65.0, ""reach_inches"": 63.0, ""reach_minus_height_inches"": -2.0}"
Women's Flyweight,overall,best,1,Valentina Shevchenko,1.726,18,175,"{""prior_elo"": 1684.212, ""prior_win_rate"": 0.833, ""recent_5_win_rate"": 0.8, ""avg_sig_str_differential_per_15"": 21.167, ""prior_finish_win_rate"": 0.333}"
Women's Flyweight,overall,best,2,Natalia Silva,1.624,8,105,"{""prior_elo"": 1628.379, ""prior_win_rate"": 1.0, ""recent_5_win_rate"": 1.0, ""avg_sig_str_differential_per_15"": 39.638, ""prior_finish_win_rate"": 0.25}"
Women's Flyweight,overall,best,3,Manon Fiorot,1.459,9,203,"{""prior_elo"": 1622.419, ""prior_win_rate"": 0.889, ""recent_5_win_rate"": 0.8, ""avg_sig_str_differential_per_15"": 54.291, ""prior_finish_win_rate"": 0.333}"
Women's Flyweight,overall,best,4,Zhang Weili,1.413,13,175,"{""prior_elo"": 1622.565, ""prior_win_rate"": 0.769, ""recent_5_win_rate"": 0.8, ""avg_sig_str_differential_per_15"": 79.698, ""prior_finish_win_rate"": 0.308}"
Women's Flyweight,overall,best,5,Erin Blanchfield,1.361,9,175,"{""prior_elo"": 1613.617, ""prior_win_rate"": 0.889, ""recent_5_win_rate"": 0.8, ""avg_sig_str_differential_per_15"": 22.801, ""prior_finish_win_rate"": 0.444}"
Women's Flyweight,overall,worst,1,Victoria Leonardo,-1.587,5,623,"{""prior_elo"": 1443.63, ""prior_win_rate"": 0.2, ""recent_5_win_rate"": 0.2, ""avg_sig_str_differential_per_15"": -61.8, ""prior_finish_win_rate"": 0.0}"
Women's Flyweight,overall,worst,2,Diana Belbita,-1.334,8,399,"{""prior_elo"": 1442.295, ""prior_win_rate"": 0.25, ""recent_5_win_rate"": 0.2, ""avg_sig_str_differential_per_15"": -4.808, ""prior_finish_win_rate"": 0.0}"
Women's Flyweight,overall,worst,3,Ji Yeon Kim,-1.319,10,1092,"{""prior_elo"": 1441.158, ""prior_win_rate"": 0.3, ""recent_5_win_rate"": 0.0, ""avg_sig_str_differential_per_15"": 1.078, ""prior_finish_win_rate"": 0.1}"
Women's Flyweight,overall,worst,4,Lucie Pudilova,-1.289,11,658,"{""prior_elo"": 1437.137, ""prior_win_rate"": 0.273, ""recent_5_win_rate"": 0.2, ""avg_sig_str_differential_per_15"": -6.925, ""prior_finish_win_rate"": 0.091}"
Women's Flyweight,overall,worst,5,Julija Stoliarenko,-1.234,9,273,"{""prior_elo"": 1433.305, ""prior_win_rate"": 0.222, ""recent_5_win_rate"": 0.4, ""avg_sig_str_differential_per_15"": -30.156, ""prior_finish_win_rate"": 0.222}"
Women's Flyweight,striking,best,1,Zhang Weili,2.166,13,175,"{""avg_sig_str_differential_per_15"": 79.698, ""avg_sig_str_landed_per_15"": 124.347, ""avg_sig_str_absorbed_per_15"": 44.649, ""avg_sig_str_accuracy"": 0.57, ""avg_sig_str_defense"": 0.547, ""avg_kd_for"": 0.231, ""avg_kd_against"": 0.154}"
Women's Flyweight,striking,best,2,Manon Fiorot,1.467,9,203,"{""avg_sig_str_differential_per_15"": 54.291, ""avg_sig_str_landed_per_15"": 101.66, ""avg_sig_str_absorbed_per_15"": 47.369, ""avg_sig_str_accuracy"": 0.454, ""avg_sig_str_defense"": 0.693, ""avg_kd_for"": 0.111, ""avg_kd_against"": 0.111}"
Women's Flyweight,striking,best,3,Natalia Silva,1.252,8,105,"{""avg_sig_str_differential_per_15"": 39.638, ""avg_sig_str_landed_per_15"": 74.634, ""avg_sig_str_absorbed_per_15"": 34.997, ""avg_sig_str_accuracy"": 0.454, ""avg_sig_str_defense"": 0.654, ""avg_kd_for"": 0.25, ""avg_kd_against"": 0.0}"
Women's Flyweight,striking,best,4,Mariya Agapova,1.051,6,665,"{""avg_sig_str_differential_per_15"": 32.167, ""avg_sig_str_landed_per_15"": 76.74, ""avg_sig_str_absorbed_per_15"": 44.572, ""avg_sig_str_accuracy"": 0.514, ""avg_sig_str_defense"": 0.525, ""avg_kd_for"": 0.333, ""avg_kd_against"": 0.0}"
Women's Flyweight,striking,best,5,Casey O'Neill,0.912,8,42,"{""avg_sig_str_differential_per_15"": 31.853, ""avg_sig_str_landed_per_15"": 110.943, ""avg_sig_str_absorbed_per_15"": 79.09, ""avg_sig_str_accuracy"": 0.509, ""avg_sig_str_defense"": 0.53, ""avg_kd_for"": 0.125, ""avg_kd_against"": 0.0}"
Women's Flyweight,striking,worst,1,Victoria Leonardo,-2.456,5,623,"{""avg_sig_str_differential_per_15"": -61.8, ""avg_sig_str_landed_per_15"": 36.266, ""avg_sig_str_absorbed_per_15"": 98.066, ""avg_sig_str_accuracy"": 0.307, ""avg_sig_str_defense"": 0.501, ""avg_kd_for"": 0.0, ""avg_kd_against"": 0.4}"
Women's Flyweight,striking,worst,2,Juliana Miller,-1.48,5,77,"{""avg_sig_str_differential_per_15"": -42.203, ""avg_sig_str_landed_per_15"": 48.76, ""avg_sig_str_absorbed_per_15"": 90.964, ""avg_sig_str_accuracy"": 0.406, ""avg_sig_str_defense"": 0.414, ""avg_kd_for"": 0.0, ""avg_kd_against"": 0.0}"
Women's Flyweight,striking,worst,3,Vanessa Demopoulos,-1.194,10,329,"{""avg_sig_str_differential_per_15"": -29.224, ""avg_sig_str_landed_per_15"": 47.848, ""avg_sig_str_absorbed_per_15"": 77.072, ""avg_sig_str_accuracy"": 0.401, ""avg_sig_str_defense"": 0.409, ""avg_kd_for"": 0.1, ""avg_kd_against"": 0.1}"
Women's Flyweight,striking,worst,4,Julija Stoliarenko,-1.122,9,273,"{""avg_sig_str_differential_per_15"": -30.156, ""avg_sig_str_landed_per_15"": 53.268, ""avg_sig_str_absorbed_per_15"": 83.424, ""avg_sig_str_accuracy"": 0.398, ""avg_sig_str_defense"": 0.458, ""avg_kd_for"": 0.0, ""avg_kd_against"": 0.0}"
Women's Flyweight,striking,worst,5,Gabriella Fernandes,-1.116,6,42,"{""avg_sig_str_differential_per_15"": -35.29, ""avg_sig_str_landed_per_15"": 49.22, ""avg_sig_str_absorbed_per_15"": 84.51, ""avg_sig_str_accuracy"": 0.421, ""avg_sig_str_defense"": 0.547, ""avg_kd_for"": 0.167, ""avg_kd_against"": 0.167}"
Women's Flyweight,grappling,best,1,Erin Blanchfield,1.68,9,175,"{""avg_td_landed_per_15"": 2.3, ""avg_td_accuracy"": 0.458, ""avg_td_defense"": 0.854, ""avg_ctrl_seconds_per_15"": 371.226, ""avg_sub_att_per_15"": 1.741, ""avg_td_absorbed_per_15"": 0.741, ""avg_ctrl_absorbed_seconds_per_15"": 20.507}"
Women's Flyweight,grappling,best,2,Jasmine Jasudavicius,1.572,12,21,"{""avg_td_landed_per_15"": 2.527, ""avg_td_accuracy"": 0.521, ""avg_td_defense"": 0.698, ""avg_ctrl_seconds_per_15"": 402.494, ""avg_sub_att_per_15"": 0.914, ""avg_td_absorbed_per_15"": 0.333, ""avg_ctrl_absorbed_seconds_per_15"": 26.433}"
Women's Flyweight,grappling,best,3,Taila Santos,1.495,7,987,"{""avg_td_landed_per_15"": 1.971, ""avg_td_accuracy"": 0.786, ""avg_td_defense"": 0.833, ""avg_ctrl_seconds_per_15"": 350.742, ""avg_sub_att_per_15"": 1.718, ""avg_td_absorbed_per_15"": 0.543, ""avg_ctrl_absorbed_seconds_per_15"": 185.143}"
Women's Flyweight,grappling,best,4,Valentina Shevchenko,1.444,18,175,"{""avg_td_landed_per_15"": 3.234, ""avg_td_accuracy"": 0.711, ""avg_td_defense"": 0.761, ""avg_ctrl_seconds_per_15"": 323.712, ""avg_sub_att_per_15"": 0.552, ""avg_td_absorbed_per_15"": 0.521, ""avg_ctrl_absorbed_seconds_per_15"": 134.564}"
Women's Flyweight,grappling,best,5,Julija Stoliarenko,1.152,9,273,"{""avg_td_landed_per_15"": 3.871, ""avg_td_accuracy"": 0.358, ""avg_td_defense"": 0.517, ""avg_ctrl_seconds_per_15"": 125.355, ""avg_sub_att_per_15"": 4.031, ""avg_td_absorbed_per_15"": 0.563, ""avg_ctrl_absorbed_seconds_per_15"": 285.551}"
Women's Flyweight,grappling,worst,1,Vanessa Demopoulos,-1.23,10,329,"{""avg_td_landed_per_15"": 0.3, ""avg_td_accuracy"": 0.092, ""avg_td_defense"": 0.367, ""avg_ctrl_seconds_per_15"": 95.7, ""avg_sub_att_per_15"": 1.241, ""avg_td_absorbed_per_15"": 1.633, ""avg_ctrl_absorbed_seconds_per_15"": 319.217}"
Women's Flyweight,grappling,worst,2,Ji Yeon Kim,-1.099,10,1092,"{""avg_td_landed_per_15"": 0.0, ""avg_td_accuracy"": 0.0, ""avg_td_defense"": 0.458, ""avg_ctrl_seconds_per_15"": 99.103, ""avg_sub_att_per_15"": 0.126, ""avg_td_absorbed_per_15"": 1.102, ""avg_ctrl_absorbed_seconds_per_15"": 133.255}"
Women's Flyweight,grappling,worst,3,Katlyn Cerminara,-1.088,17,791,"{""avg_td_landed_per_15"": 0.294, ""avg_td_accuracy"": 0.142, ""avg_td_defense"": 0.523, ""avg_ctrl_seconds_per_15"": 70.075, ""avg_sub_att_per_15"": 0.294, ""avg_td_absorbed_per_15"": 1.834, ""avg_ctrl_absorbed_seconds_per_15"": 158.836}"
Women's Flyweight,grappling,worst,4,Gabriella Fernandes,-1.042,6,42,"{""avg_td_landed_per_15"": 0.333, ""avg_td_accuracy"": 0.083, ""avg_td_defense"": 0.74, ""avg_ctrl_seconds_per_15"": 36.94, ""avg_sub_att_per_15"": 0.284, ""avg_td_absorbed_per_15"": 1.5, ""avg_ctrl_absorbed_seconds_per_15"": 246.667}"
Women's Flyweight,grappling,worst,5,Mariya Agapova,-0.922,6,665,"{""avg_td_landed_per_15"": 0.754, ""avg_td_accuracy"": 1.0, ""avg_td_defense"": 0.293, ""avg_ctrl_seconds_per_15"": 117.099, ""avg_sub_att_per_15"": 1.497, ""avg_td_absorbed_per_15"": 3.095, ""avg_ctrl_absorbed_seconds_per_15"": 413.268}"
Women's Flyweight,wrestling,best,1,Valentina Shevchenko,1.704,18,175,"{""avg_td_landed_per_15"": 3.234, ""avg_td_attempted_per_15"": 4.607, ""avg_td_accuracy"": 0.711, ""avg_td_defense"": 0.761, ""avg_ctrl_seconds_per_15"": 323.712, ""avg_td_absorbed_per_15"": 0.521}"
Women's Flyweight,wrestling,best,2,Jasmine Jasudavicius,1.534,12,21,"{""avg_td_landed_per_15"": 2.527, ""avg_td_attempted_per_15"": 5.541, ""avg_td_accuracy"": 0.521, ""avg_td_defense"": 0.698, ""avg_ctrl_seconds_per_15"": 402.494, ""avg_td_absorbed_per_15"": 0.333}"
Women's Flyweight,wrestling,best,3,Erin Blanchfield,1.439,9,175,"{""avg_td_landed_per_15"": 2.3, ""avg_td_attempted_per_15"": 6.115, ""avg_td_accuracy"": 0.458, ""avg_td_defense"": 0.854, ""avg_ctrl_seconds_per_15"": 371.226, ""avg_td_absorbed_per_15"": 0.741}"
Women's Flyweight,wrestling,best,4,Taila Santos,1.31,7,987,"{""avg_td_landed_per_15"": 1.971, ""avg_td_attempted_per_15"": 2.686, ""avg_td_accuracy"": 0.786, ""avg_td_defense"": 0.833, ""avg_ctrl_seconds_per_15"": 350.742, ""avg_td_absorbed_per_15"": 0.543}"
Women's Flyweight,wrestling,best,5,Julija Stoliarenko,1.007,9,273,"{""avg_td_landed_per_15"": 3.871, ""avg_td_attempted_per_15"": 6.559, ""avg_td_accuracy"": 0.358, ""avg_td_defense"": 0.517, ""avg_ctrl_seconds_per_15"": 125.355, ""avg_td_absorbed_per_15"": 0.563}"
Women's Flyweight,wrestling,worst,1,Ji Yeon Kim,-1.332,10,1092,"{""avg_td_landed_per_15"": 0.0, ""avg_td_attempted_per_15"": 0.426, ""avg_td_accuracy"": 0.0, ""avg_td_defense"": 0.458, ""avg_ctrl_seconds_per_15"": 99.103, ""avg_td_absorbed_per_15"": 1.102}"
Women's Flyweight,wrestling,worst,2,Vanessa Demopoulos,-1.24,10,329,"{""avg_td_landed_per_15"": 0.3, ""avg_td_attempted_per_15"": 2.9, ""avg_td_accuracy"": 0.092, ""avg_td_defense"": 0.367, ""avg_ctrl_seconds_per_15"": 95.7, ""avg_td_absorbed_per_15"": 1.633}"
Women's Flyweight,wrestling,worst,3,Katlyn Cerminara,-1.202,17,791,"{""avg_td_landed_per_15"": 0.294, ""avg_td_attempted_per_15"": 1.882, ""avg_td_accuracy"": 0.142, ""avg_td_defense"": 0.523, ""avg_ctrl_seconds_per_15"": 70.075, ""avg_td_absorbed_per_15"": 1.834}"
Women's Flyweight,wrestling,worst,4,Gabriella Fernandes,-0.987,6,42,"{""avg_td_landed_per_15"": 0.333, ""avg_td_attempted_per_15"": 2.067, ""avg_td_accuracy"": 0.083, ""avg_td_defense"": 0.74, ""avg_ctrl_seconds_per_15"": 36.94, ""avg_td_absorbed_per_15"": 1.5}"
Women's Flyweight,wrestling,worst,5,Alexa Grasso,-0.935,14,42,"{""avg_td_landed_per_15"": 0.728, ""avg_td_attempted_per_15"": 1.323, ""avg_td_accuracy"": 0.321, ""avg_td_defense"": 0.553, ""avg_ctrl_seconds_per_15"": 104.574, ""avg_td_absorbed_per_15"": 2.36}"
Women's Flyweight,finishing,best,1,Casey O'Neill,1.186,8,42,"{""prior_finish_win_rate"": 0.5, ""avg_kd_for"": 0.125, ""avg_sub_att_per_15"": 0.632, ""prior_win_rate"": 0.75}"
Women's Flyweight,finishing,best,2,Karine Silva,1.104,8,21,"{""prior_finish_win_rate"": 0.375, ""avg_kd_for"": 0.125, ""avg_sub_att_per_15"": 2.454, ""prior_win_rate"": 0.625}"
Women's Flyweight,finishing,best,3,Erin Blanchfield,1.088,9,175,"{""prior_finish_win_rate"": 0.444, ""avg_kd_for"": 0.0, ""avg_sub_att_per_15"": 1.741, ""prior_win_rate"": 0.889}"
Women's Flyweight,finishing,best,4,Melissa Gatto,1.081,6,35,"{""prior_finish_win_rate"": 0.5, ""avg_kd_for"": 0.167, ""avg_sub_att_per_15"": 0.402, ""prior_win_rate"": 0.5}"
Women's Flyweight,finishing,best,5,Mariya Agapova,0.958,6,665,"{""prior_finish_win_rate"": 0.333, ""avg_kd_for"": 0.333, ""avg_sub_att_per_15"": 1.497, ""prior_win_rate"": 0.333}"
Women's Flyweight,finishing,worst,1,Victoria Leonardo,-1.332,5,623,"{""prior_finish_win_rate"": 0.0, ""avg_kd_for"": 0.0, ""avg_sub_att_per_15"": 0.0, ""prior_win_rate"": 0.2}"
Women's Flyweight,finishing,worst,2,Diana Belbita,-1.072,8,399,"{""prior_finish_win_rate"": 0.0, ""avg_kd_for"": 0.125, ""avg_sub_att_per_15"": 0.0, ""prior_win_rate"": 0.25}"
Women's Flyweight,finishing,worst,3,Tracy Cortez,-0.959,8,175,"{""prior_finish_win_rate"": 0.0, ""avg_kd_for"": 0.0, ""avg_sub_att_per_15"": 0.375, ""prior_win_rate"": 0.75}"
Women's Flyweight,finishing,worst,4,Katlyn Cerminara,-0.921,17,791,"{""prior_finish_win_rate"": 0.0, ""avg_kd_for"": 0.059, ""avg_sub_att_per_15"": 0.294, ""prior_win_rate"": 0.647}"
Women's Flyweight,finishing,worst,5,JJ Aldrich,-0.886,17,21,"{""prior_finish_win_rate"": 0.059, ""avg_kd_for"": 0.0, ""avg_sub_att_per_15"": 0.0, ""prior_win_rate"": 0.647}"
Women's Flyweight,defense,best,1,Manon Fiorot,1.642,9,203,"{""avg_sig_str_defense"": 0.693, ""avg_td_defense"": 0.921, ""avg_sig_str_absorbed_per_15"": 47.369, ""avg_td_absorbed_per_15"": 0.244, ""avg_ctrl_absorbed_seconds_per_15"": 22.698, ""avg_kd_against"": 0.111, ""prior_finish_loss_rate"": 0.0}"
Women's Flyweight,defense,best,2,Natalia Silva,1.502,8,105,"{""avg_sig_str_defense"": 0.654, ""avg_td_defense"": 0.935, ""avg_sig_str_absorbed_per_15"": 34.997, ""avg_td_absorbed_per_15"": 0.414, ""avg_ctrl_absorbed_seconds_per_15"": 158.222, ""avg_kd_against"": 0.0, ""prior_finish_loss_rate"": 0.0}"
Women's Flyweight,defense,best,3,Valentina Shevchenko,1.212,18,175,"{""avg_sig_str_defense"": 0.622, ""avg_td_defense"": 0.761, ""avg_sig_str_absorbed_per_15"": 26.736, ""avg_td_absorbed_per_15"": 0.521, ""avg_ctrl_absorbed_seconds_per_15"": 134.564, ""avg_kd_against"": 0.0, ""prior_finish_loss_rate"": 0.056}"
Women's Flyweight,defense,best,4,Jamey-Lyn Horth,1.026,7,21,"{""avg_sig_str_defense"": 0.666, ""avg_td_defense"": 0.813, ""avg_sig_str_absorbed_per_15"": 36.486, ""avg_td_absorbed_per_15"": 1.0, ""avg_ctrl_absorbed_seconds_per_15"": 278.0, ""avg_kd_against"": 0.0, ""prior_finish_loss_rate"": 0.0}"
Women's Flyweight,defense,best,5,Erin Blanchfield,1.016,9,175,"{""avg_sig_str_defense"": 0.587, ""avg_td_defense"": 0.854, ""avg_sig_str_absorbed_per_15"": 62.173, ""avg_td_absorbed_per_15"": 0.741, ""avg_ctrl_absorbed_seconds_per_15"": 20.507, ""avg_kd_against"": 0.0, ""prior_finish_loss_rate"": 0.0}"
Women's Flyweight,defense,worst,1,Mariya Agapova,-1.385,6,665,"{""avg_sig_str_defense"": 0.525, ""avg_td_defense"": 0.293, ""avg_sig_str_absorbed_per_15"": 44.572, ""avg_td_absorbed_per_15"": 3.095, ""avg_ctrl_absorbed_seconds_per_15"": 413.268, ""avg_kd_against"": 0.0, ""prior_finish_loss_rate"": 0.667}"
Women's Flyweight,defense,worst,2,Vanessa Demopoulos,-1.367,10,329,"{""avg_sig_str_defense"": 0.409, ""avg_td_defense"": 0.367, ""avg_sig_str_absorbed_per_15"": 77.072, ""avg_td_absorbed_per_15"": 1.633, ""avg_ctrl_absorbed_seconds_per_15"": 319.217, ""avg_kd_against"": 0.1, ""prior_finish_loss_rate"": 0.1}"
Women's Flyweight,defense,worst,3,Diana Belbita,-1.132,8,399,"{""avg_sig_str_defense"": 0.492, ""avg_td_defense"": 0.506, ""avg_sig_str_absorbed_per_15"": 91.439, ""avg_td_absorbed_per_15"": 2.572, ""avg_ctrl_absorbed_seconds_per_15"": 242.64, ""avg_kd_against"": 0.0, ""prior_finish_loss_rate"": 0.375}"
Women's Flyweight,defense,worst,4,Victoria Leonardo,-1.038,5,623,"{""avg_sig_str_defense"": 0.501, ""avg_td_defense"": 0.6, ""avg_sig_str_absorbed_per_15"": 98.066, ""avg_td_absorbed_per_15"": 0.628, ""avg_ctrl_absorbed_seconds_per_15"": 93.906, ""avg_kd_against"": 0.4, ""prior_finish_loss_rate"": 0.8}"
Women's Flyweight,defense,worst,5,Juliana Miller,-1.007,5,77,"{""avg_sig_str_defense"": 0.414, ""avg_td_defense"": 0.4, ""avg_sig_str_absorbed_per_15"": 90.964, ""avg_td_absorbed_per_15"": 1.0, ""avg_ctrl_absorbed_seconds_per_15"": 175.521, ""avg_kd_against"": 0.0, ""prior_finish_loss_rate"": 0.2}"
Women's Flyweight,elo,best,1,Valentina Shevchenko,1684.212,18,175,"{""prior_elo"": 1684.212, ""prior_peak_elo"": 1684.212, ""prior_win_rate"": 0.833, ""prior_fights"": 18}"
Women's Flyweight,elo,best,2,Natalia Silva,1628.379,8,105,"{""prior_elo"": 1628.379, ""prior_peak_elo"": 1628.379, ""prior_win_rate"": 1.0, ""prior_fights"": 8}"
Women's Flyweight,elo,best,3,Zhang Weili,1622.565,13,175,"{""prior_elo"": 1622.565, ""prior_peak_elo"": 1637.066, ""prior_win_rate"": 0.769, ""prior_fights"": 13}"
Women's Flyweight,elo,best,4,Manon Fiorot,1622.419,9,203,"{""prior_elo"": 1622.419, ""prior_peak_elo"": 1622.419, ""prior_win_rate"": 0.889, ""prior_fights"": 9}"
Women's Flyweight,elo,best,5,Erin Blanchfield,1613.617,9,175,"{""prior_elo"": 1613.617, ""prior_peak_elo"": 1613.617, ""prior_win_rate"": 0.889, ""prior_fights"": 9}"
Women's Flyweight,elo,worst,1,Julija Stoliarenko,1433.305,9,273,"{""prior_elo"": 1433.305, ""prior_peak_elo"": 1486.4, ""prior_win_rate"": 0.222, ""prior_fights"": 9}"
Women's Flyweight,elo,worst,2,Lucie Pudilova,1437.137,11,658,"{""prior_elo"": 1437.137, ""prior_peak_elo"": 1516.641, ""prior_win_rate"": 0.273, ""prior_fights"": 11}"
Women's Flyweight,elo,worst,3,Ji Yeon Kim,1441.158,10,1092,"{""prior_elo"": 1441.158, ""prior_peak_elo"": 1515.467, ""prior_win_rate"": 0.3, ""prior_fights"": 10}"
Women's Flyweight,elo,worst,4,Diana Belbita,1442.295,8,399,"{""prior_elo"": 1442.295, ""prior_peak_elo"": 1485.142, ""prior_win_rate"": 0.25, ""prior_fights"": 8}"
Women's Flyweight,elo,worst,5,Victoria Leonardo,1443.63,5,623,"{""prior_elo"": 1443.63, ""prior_peak_elo"": 1480.0, ""prior_win_rate"": 0.2, ""prior_fights"": 5}"
Women's Flyweight,experience,best,1,Rose Namajunas,19.0,19,105,"{""prior_fights"": 19, ""prior_wins"": 12, ""prior_losses"": 7, ""prior_win_rate"": 0.632}"
Women's Flyweight,experience,best,2,Valentina Shevchenko,18.0,18,175,"{""prior_fights"": 18, ""prior_wins"": 15, ""prior_losses"": 3, ""prior_win_rate"": 0.833}"
Women's Flyweight,experience,best,3,Joanne Wood,17.0,17,791,"{""prior_fights"": 17, ""prior_wins"": 9, ""prior_losses"": 8, ""prior_win_rate"": 0.529}"
Women's Flyweight,experience,best,4,JJ Aldrich,17.0,17,21,"{""prior_fights"": 17, ""prior_wins"": 11, ""prior_losses"": 6, ""prior_win_rate"": 0.647}"
Women's Flyweight,experience,best,5,Katlyn Cerminara,17.0,17,791,"{""prior_fights"": 17, ""prior_wins"": 11, ""prior_losses"": 6, ""prior_win_rate"": 0.647}"
Women's Flyweight,experience,worst,1,Victoria Leonardo,5.0,5,623,"{""prior_fights"": 5, ""prior_wins"": 1, ""prior_losses"": 4, ""prior_win_rate"": 0.2}"
Women's Flyweight,experience,worst,2,Juliana Miller,5.0,5,77,"{""prior_fights"": 5, ""prior_wins"": 2, ""prior_losses"": 3, ""prior_win_rate"": 0.4}"
Women's Flyweight,experience,worst,3,Dione Barbosa,5.0,5,35,"{""prior_fights"": 5, ""prior_wins"": 3, ""prior_losses"": 2, ""prior_win_rate"": 0.6}"
Women's Flyweight,experience,worst,4,Mariya Agapova,6.0,6,665,"{""prior_fights"": 6, ""prior_wins"": 2, ""prior_losses"": 4, ""prior_win_rate"": 0.333}"
Women's Flyweight,experience,worst,5,Melissa Gatto,6.0,6,35,"{""prior_fights"": 6, ""prior_wins"": 3, ""prior_losses"": 3, ""prior_win_rate"": 0.5}"
Women's Flyweight,reach,best,1,Ji Yeon Kim,72.0,10,1092,"{""height_inches"": 67.0, ""reach_inches"": 72.0, ""reach_minus_height_inches"": 5.0}"
Women's Flyweight,reach,best,2,Melissa Gatto,69.0,6,35,"{""height_inches"": 65.0, ""reach_inches"": 69.0, ""reach_minus_height_inches"": 4.0}"
Women's Flyweight,reach,best,3,Casey O'Neill,69.0,8,42,"{""height_inches"": 66.0, ""reach_inches"": 69.0, ""reach_minus_height_inches"": 3.0}"
Women's Flyweight,reach,best,4,Andrea Lee,69.0,14,434,"{""height_inches"": 66.0, ""reach_inches"": 69.0, ""reach_minus_height_inches"": 3.0}"
Women's Flyweight,reach,best,5,Diana Belbita,68.0,8,399,"{""height_inches"": 67.0, ""reach_inches"": 68.0, ""reach_minus_height_inches"": 1.0}"
Women's Flyweight,reach,worst,1,Vanessa Demopoulos,59.0,10,329,"{""height_inches"": 62.0, ""reach_inches"": 59.0, ""reach_minus_height_inches"": -3.0}"
Women's Flyweight,reach,worst,2,Zhang Weili,63.0,13,175,"{""height_inches"": 64.0, ""reach_inches"": 63.0, ""reach_minus_height_inches"": -1.0}"
Women's Flyweight,reach,worst,3,Jennifer Maia,64.0,12,938,"{""height_inches"": 64.0, ""reach_inches"": 64.0, ""reach_minus_height_inches"": 0.0}"
Women's Flyweight,reach,worst,4,Veronica Hardy,64.0,10,217,"{""height_inches"": 64.0, ""reach_inches"": 64.0, ""reach_minus_height_inches"": 0.0}"
Women's Flyweight,reach,worst,5,Victoria Leonardo,64.0,5,623,"{""height_inches"": 65.0, ""reach_inches"": 64.0, ""reach_minus_height_inches"": -1.0}"
Women's Flyweight,reach_for_size,best,1,Ji Yeon Kim,5.0,10,1092,"{""height_inches"": 67.0, ""reach_inches"": 72.0, ""reach_minus_height_inches"": 5.0}"
Women's Flyweight,reach_for_size,best,2,Viviane Araujo,4.0,13,315,"{""height_inches"": 64.0, ""reach_inches"": 68.0, ""reach_minus_height_inches"": 4.0}"
Women's Flyweight,reach_for_size,best,3,Melissa Gatto,4.0,6,35,"{""height_inches"": 65.0, ""reach_inches"": 69.0, ""reach_minus_height_inches"": 4.0}"
Women's Flyweight,reach_for_size,best,4,Andrea Lee,3.0,14,434,"{""height_inches"": 66.0, ""reach_inches"": 69.0, ""reach_minus_height_inches"": 3.0}"
Women's Flyweight,reach_for_size,best,5,Casey O'Neill,3.0,8,42,"{""height_inches"": 66.0, ""reach_inches"": 69.0, ""reach_minus_height_inches"": 3.0}"
Women's Flyweight,reach_for_size,worst,1,Vanessa Demopoulos,-3.0,10,329,"{""height_inches"": 62.0, ""reach_inches"": 59.0, ""reach_minus_height_inches"": -3.0}"
Women's Flyweight,reach_for_size,worst,2,Manon Fiorot,-2.0,9,203,"{""height_inches"": 67.0, ""reach_inches"": 65.0, ""reach_minus_height_inches"": -2.0}"
Women's Flyweight,reach_for_size,worst,3,Joanne Wood,-1.0,17,791,"{""height_inches"": 66.0, ""reach_inches"": 65.0, ""reach_minus_height_inches"": -1.0}"
Women's Flyweight,reach_for_size,worst,4,Katlyn Cerminara,-1.0,17,791,"{""height_inches"": 69.0, ""reach_inches"": 68.0, ""reach_minus_height_inches"": -1.0}"
Women's Flyweight,reach_for_size,worst,5,Victoria Leonardo,-1.0,5,623,"{""height_inches"": 65.0, ""reach_inches"": 64.0, ""reach_minus_height_inches"": -1.0}"
Women's Bantamweight,overall,best,1,Amanda Nunes,2.363,18,1064,"{""prior_elo"": 1691.753, ""prior_win_rate"": 0.889, ""recent_5_win_rate"": 0.8, ""avg_sig_str_differential_per_15"": 73.47, ""prior_finish_win_rate"": 0.556}"
Women's Bantamweight,overall,best,2,Jacqueline Cavalcanti,1.046,5,182,"{""prior_elo"": 1570.024, ""prior_win_rate"": 1.0, ""recent_5_win_rate"": 1.0, ""avg_sig_str_differential_per_15"": 37.2, ""prior_finish_win_rate"": 0.0}"
Women's Bantamweight,overall,best,3,Ailin Perez,0.924,7,70,"{""prior_elo"": 1575.948, ""prior_win_rate"": 0.857, ""recent_5_win_rate"": 1.0, ""avg_sig_str_differential_per_15"": 17.468, ""prior_finish_win_rate"": 0.143}"
Women's Bantamweight,overall,best,4,Joselyne Edwards,0.908,13,14,"{""prior_elo"": 1579.357, ""prior_win_rate"": 0.692, ""recent_5_win_rate"": 1.0, ""avg_sig_str_differential_per_15"": 27.825, ""prior_finish_win_rate"": 0.308}"
Women's Bantamweight,overall,best,5,Luana Santos,0.9,6,147,"{""prior_elo"": 1562.478, ""prior_win_rate"": 0.833, ""recent_5_win_rate"": 0.8, ""avg_sig_str_differential_per_15"": 20.833, ""prior_finish_win_rate"": 0.5}"
Women's Bantamweight,overall,worst,1,Ashlee Evans-Smith,-1.333,9,1029,"{""prior_elo"": 1454.728, ""prior_win_rate"": 0.333, ""recent_5_win_rate"": 0.2, ""avg_sig_str_differential_per_15"": -4.577, ""prior_finish_win_rate"": 0.111}"
Women's Bantamweight,overall,worst,2,Mayra Bueno Silva,-1.146,12,14,"{""prior_elo"": 1470.705, ""prior_win_rate"": 0.417, ""recent_5_win_rate"": 0.0, ""avg_sig_str_differential_per_15"": -20.166, ""prior_finish_win_rate"": 0.333}"
Women's Bantamweight,overall,worst,3,Priscila Cachoeira,-1.046,13,91,"{""prior_elo"": 1472.736, ""prior_win_rate"": 0.385, ""recent_5_win_rate"": 0.2, ""avg_sig_str_differential_per_15"": -15.772, ""prior_finish_win_rate"": 0.308}"
Women's Bantamweight,overall,worst,4,Pannie Kianzad,-0.89,11,637,"{""prior_elo"": 1489.732, ""prior_win_rate"": 0.455, ""recent_5_win_rate"": 0.2, ""avg_sig_str_differential_per_15"": 9.442, ""prior_finish_win_rate"": 0.0}"
Women's Bantamweight,overall,worst,5,Chelsea Chandler,-0.883,5,378,"{""prior_elo"": 1483.886, ""prior_win_rate"": 0.4, ""recent_5_win_rate"": 0.4, ""avg_sig_str_differential_per_15"": -15.888, ""prior_finish_win_rate"": 0.2}"
Women's Bantamweight,striking,best,1,Amanda Nunes,2.408,18,1064,"{""avg_sig_str_differential_per_15"": 73.47, ""avg_sig_str_landed_per_15"": 113.032, ""avg_sig_str_absorbed_per_15"": 39.563, ""avg_sig_str_accuracy"": 0.561, ""avg_sig_str_defense"": 0.62, ""avg_kd_for"": 0.444, ""avg_kd_against"": 0.0}"
Women's Bantamweight,striking,best,2,Julia Avila,1.199,6,448,"{""avg_sig_str_differential_per_15"": 52.649, ""avg_sig_str_landed_per_15"": 106.882, ""avg_sig_str_absorbed_per_15"": 54.232, ""avg_sig_str_accuracy"": 0.422, ""avg_sig_str_defense"": 0.492, ""avg_kd_for"": 0.167, ""avg_kd_against"": 0.0}"
Women's Bantamweight,striking,best,3,Jacqueline Cavalcanti,0.869,5,182,"{""avg_sig_str_differential_per_15"": 37.2, ""avg_sig_str_landed_per_15"": 84.8, ""avg_sig_str_absorbed_per_15"": 47.6, ""avg_sig_str_accuracy"": 0.462, ""avg_sig_str_defense"": 0.649, ""avg_kd_for"": 0.0, ""avg_kd_against"": 0.0}"
Women's Bantamweight,striking,best,4,Germaine de Randamie,0.859,10,763,"{""avg_sig_str_differential_per_15"": 30.258, ""avg_sig_str_landed_per_15"": 58.371, ""avg_sig_str_absorbed_per_15"": 28.113, ""avg_sig_str_accuracy"": 0.491, ""avg_sig_str_defense"": 0.684, ""avg_kd_for"": 0.2, ""avg_kd_against"": 0.0}"
Women's Bantamweight,striking,best,5,Luana Santos,0.589,6,147,"{""avg_sig_str_differential_per_15"": 20.833, ""avg_sig_str_landed_per_15"": 65.632, ""avg_sig_str_absorbed_per_15"": 44.799, ""avg_sig_str_accuracy"": 0.554, ""avg_sig_str_defense"": 0.697, ""avg_kd_for"": 0.0, ""avg_kd_against"": 0.0}"
Women's Bantamweight,striking,worst,1,Chelsea Chandler,-1.194,5,378,"{""avg_sig_str_differential_per_15"": -15.888, ""avg_sig_str_landed_per_15"": 65.944, ""avg_sig_str_absorbed_per_15"": 81.832, ""avg_sig_str_accuracy"": 0.447, ""avg_sig_str_defense"": 0.416, ""avg_kd_for"": 0.0, ""avg_kd_against"": 0.2}"
Women's Bantamweight,striking,worst,2,Ketlen Vieira,-1.057,14,189,"{""avg_sig_str_differential_per_15"": -15.927, ""avg_sig_str_landed_per_15"": 40.298, ""avg_sig_str_absorbed_per_15"": 56.225, ""avg_sig_str_accuracy"": 0.43, ""avg_sig_str_defense"": 0.489, ""avg_kd_for"": 0.0, ""avg_kd_against"": 0.071}"
Women's Bantamweight,striking,worst,3,Priscila Cachoeira,-0.938,13,91,"{""avg_sig_str_differential_per_15"": -15.772, ""avg_sig_str_landed_per_15"": 97.836, ""avg_sig_str_absorbed_per_15"": 113.607, ""avg_sig_str_accuracy"": 0.452, ""avg_sig_str_defense"": 0.426, ""avg_kd_for"": 0.231, ""avg_kd_against"": 0.231}"
Women's Bantamweight,striking,worst,4,Mayra Bueno Silva,-0.857,12,14,"{""avg_sig_str_differential_per_15"": -20.166, ""avg_sig_str_landed_per_15"": 51.486, ""avg_sig_str_absorbed_per_15"": 71.652, ""avg_sig_str_accuracy"": 0.572, ""avg_sig_str_defense"": 0.47, ""avg_kd_for"": 0.0, ""avg_kd_against"": 0.0}"
Women's Bantamweight,striking,worst,5,Ashlee Evans-Smith,-0.797,9,1029,"{""avg_sig_str_differential_per_15"": -4.577, ""avg_sig_str_landed_per_15"": 54.852, ""avg_sig_str_absorbed_per_15"": 59.429, ""avg_sig_str_accuracy"": 0.381, ""avg_sig_str_defense"": 0.513, ""avg_kd_for"": 0.0, ""avg_kd_against"": 0.111}"
Women's Bantamweight,grappling,best,1,Luana Santos,2.099,6,147,"{""avg_td_landed_per_15"": 2.225, ""avg_td_accuracy"": 0.626, ""avg_td_defense"": 0.8, ""avg_ctrl_seconds_per_15"": 435.053, ""avg_sub_att_per_15"": 2.591, ""avg_td_absorbed_per_15"": 0.167, ""avg_ctrl_absorbed_seconds_per_15"": 61.517}"
Women's Bantamweight,grappling,best,2,Ailin Perez,1.35,7,70,"{""avg_td_landed_per_15"": 5.039, ""avg_td_accuracy"": 0.449, ""avg_td_defense"": 0.679, ""avg_ctrl_seconds_per_15"": 388.228, ""avg_sub_att_per_15"": 0.554, ""avg_td_absorbed_per_15"": 0.987, ""avg_ctrl_absorbed_seconds_per_15"": 226.449}"
Women's Bantamweight,grappling,best,3,Amanda Nunes,1.289,18,1064,"{""avg_td_landed_per_15"": 2.32, ""avg_td_accuracy"": 0.552, ""avg_td_defense"": 0.716, ""avg_ctrl_seconds_per_15"": 266.913, ""avg_sub_att_per_15"": 1.602, ""avg_td_absorbed_per_15"": 0.412, ""avg_ctrl_absorbed_seconds_per_15"": 53.199}"
Women's Bantamweight,grappling,best,4,Ketlen Vieira,0.927,14,189,"{""avg_td_landed_per_15"": 1.373, ""avg_td_accuracy"": 0.48, ""avg_td_defense"": 0.938, ""avg_ctrl_seconds_per_15"": 292.826, ""avg_sub_att_per_15"": 0.631, ""avg_td_absorbed_per_15"": 0.301, ""avg_ctrl_absorbed_seconds_per_15"": 153.4}"
Women's Bantamweight,grappling,best,5,Stephanie Egger,0.894,7,882,"{""avg_td_landed_per_15"": 4.118, ""avg_td_accuracy"": 0.659, ""avg_td_defense"": 0.513, ""avg_ctrl_seconds_per_15"": 298.73, ""avg_sub_att_per_15"": 0.79, ""avg_td_absorbed_per_15"": 1.505, ""avg_ctrl_absorbed_seconds_per_15"": 247.986}"
Women's Bantamweight,grappling,worst,1,Nora Cornolle,-1.415,6,77,"{""avg_td_landed_per_15"": 0.167, ""avg_td_accuracy"": 0.111, ""avg_td_defense"": 0.492, ""avg_ctrl_seconds_per_15"": 111.72, ""avg_sub_att_per_15"": 0.364, ""avg_td_absorbed_per_15"": 2.486, ""avg_ctrl_absorbed_seconds_per_15"": 495.803}"
Women's Bantamweight,grappling,worst,2,Germaine de Randamie,-1.169,10,763,"{""avg_td_landed_per_15"": 0.0, ""avg_td_accuracy"": 0.0, ""avg_td_defense"": 0.683, ""avg_ctrl_seconds_per_15"": 77.718, ""avg_sub_att_per_15"": 0.284, ""avg_td_absorbed_per_15"": 1.997, ""avg_ctrl_absorbed_seconds_per_15"": 373.038}"
Women's Bantamweight,grappling,worst,3,Josiane Nunes,-1.119,6,420,"{""avg_td_landed_per_15"": 0.0, ""avg_td_accuracy"": 0.0, ""avg_td_defense"": 0.35, ""avg_ctrl_seconds_per_15"": 35.718, ""avg_sub_att_per_15"": 0.0, ""avg_td_absorbed_per_15"": 0.833, ""avg_ctrl_absorbed_seconds_per_15"": 110.307}"
Women's Bantamweight,grappling,worst,4,Priscila Cachoeira,-0.702,13,91,"{""avg_td_landed_per_15"": 0.154, ""avg_td_accuracy"": 0.5, ""avg_td_defense"": 0.71, ""avg_ctrl_seconds_per_15"": 28.256, ""avg_sub_att_per_15"": 0.0, ""avg_td_absorbed_per_15"": 1.544, ""avg_ctrl_absorbed_seconds_per_15"": 273.311}"
Women's Bantamweight,grappling,worst,5,Pannie Kianzad,-0.655,11,637,"{""avg_td_landed_per_15"": 0.622, ""avg_td_accuracy"": 0.357, ""avg_td_defense"": 0.588, ""avg_ctrl_seconds_per_15"": 119.922, ""avg_sub_att_per_15"": 0.19, ""avg_td_absorbed_per_15"": 1.517, ""avg_ctrl_absorbed_seconds_per_15"": 325.129}"
Women's Bantamweight,wrestling,best,1,Ailin Perez,2.0,7,70,"{""avg_td_landed_per_15"": 5.039, ""avg_td_attempted_per_15"": 10.295, ""avg_td_accuracy"": 0.449, ""avg_td_defense"": 0.679, ""avg_ctrl_seconds_per_15"": 388.228, ""avg_td_absorbed_per_15"": 0.987}"
Women's Bantamweight,wrestling,best,2,Luana Santos,1.418,6,147,"{""avg_td_landed_per_15"": 2.225, ""avg_td_attempted_per_15"": 3.892, ""avg_td_accuracy"": 0.626, ""avg_td_defense"": 0.8, ""avg_ctrl_seconds_per_15"": 435.053, ""avg_td_absorbed_per_15"": 0.167}"
Women's Bantamweight,wrestling,best,3,Stephanie Egger,1.267,7,882,"{""avg_td_landed_per_15"": 4.118, ""avg_td_attempted_per_15"": 6.496, ""avg_td_accuracy"": 0.659, ""avg_td_defense"": 0.513, ""avg_ctrl_seconds_per_15"": 298.73, ""avg_td_absorbed_per_15"": 1.505}"
Women's Bantamweight,wrestling,best,4,Amanda Nunes,0.907,18,1064,"{""avg_td_landed_per_15"": 2.32, ""avg_td_attempted_per_15"": 4.301, ""avg_td_accuracy"": 0.552, ""avg_td_defense"": 0.716, ""avg_ctrl_seconds_per_15"": 266.913, ""avg_td_absorbed_per_15"": 0.412}"
Women's Bantamweight,wrestling,best,5,Ketlen Vieira,0.828,14,189,"{""avg_td_landed_per_15"": 1.373, ""avg_td_attempted_per_15"": 2.887, ""avg_td_accuracy"": 0.48, ""avg_td_defense"": 0.938, ""avg_ctrl_seconds_per_15"": 292.826, ""avg_td_absorbed_per_15"": 0.301}"
Women's Bantamweight,wrestling,worst,1,Josiane Nunes,-1.295,6,420,"{""avg_td_landed_per_15"": 0.0, ""avg_td_attempted_per_15"": 0.904, ""avg_td_accuracy"": 0.0, ""avg_td_defense"": 0.35, ""avg_ctrl_seconds_per_15"": 35.718, ""avg_td_absorbed_per_15"": 0.833}"
Women's Bantamweight,wrestling,worst,2,Nora Cornolle,-1.107,6,77,"{""avg_td_landed_per_15"": 0.167, ""avg_td_attempted_per_15"": 1.5, ""avg_td_accuracy"": 0.111, ""avg_td_defense"": 0.492, ""avg_ctrl_seconds_per_15"": 111.72, ""avg_td_absorbed_per_15"": 2.486}"
Women's Bantamweight,wrestling,worst,3,Germaine de Randamie,-1.089,10,763,"{""avg_td_landed_per_15"": 0.0, ""avg_td_attempted_per_15"": 0.06, ""avg_td_accuracy"": 0.0, ""avg_td_defense"": 0.683, ""avg_ctrl_seconds_per_15"": 77.718, ""avg_td_absorbed_per_15"": 1.997}"
Women's Bantamweight,wrestling,worst,4,Mayra Bueno Silva,-1.079,12,14,"{""avg_td_landed_per_15"": 0.406, ""avg_td_attempted_per_15"": 1.969, ""avg_td_accuracy"": 0.2, ""avg_td_defense"": 0.432, ""avg_ctrl_seconds_per_15"": 106.749, ""avg_td_absorbed_per_15"": 2.794}"
Women's Bantamweight,wrestling,worst,5,Jacqueline Cavalcanti,-0.737,5,182,"{""avg_td_landed_per_15"": 0.0, ""avg_td_attempted_per_15"": 0.4, ""avg_td_accuracy"": 0.0, ""avg_td_defense"": 0.847, ""avg_ctrl_seconds_per_15"": 26.4, ""avg_td_absorbed_per_15"": 0.4}"
Women's Bantamweight,finishing,best,1,Amanda Nunes,2.027,18,1064,"{""prior_finish_win_rate"": 0.556, ""avg_kd_for"": 0.444, ""avg_sub_att_per_15"": 1.602, ""prior_win_rate"": 0.889}"
Women's Bantamweight,finishing,best,2,Luana Santos,1.425,6,147,"{""prior_finish_win_rate"": 0.5, ""avg_kd_for"": 0.0, ""avg_sub_att_per_15"": 2.591, ""prior_win_rate"": 0.833}"
Women's Bantamweight,finishing,best,3,Germaine de Randamie,0.677,10,763,"{""prior_finish_win_rate"": 0.4, ""avg_kd_for"": 0.2, ""avg_sub_att_per_15"": 0.284, ""prior_win_rate"": 0.7}"
Women's Bantamweight,finishing,best,4,Mayra Bueno Silva,0.59,12,14,"{""prior_finish_win_rate"": 0.333, ""avg_kd_for"": 0.0, ""avg_sub_att_per_15"": 2.343, ""prior_win_rate"": 0.417}"
Women's Bantamweight,finishing,best,5,Macy Chiasson,0.484,14,70,"{""prior_finish_win_rate"": 0.357, ""avg_kd_for"": 0.143, ""avg_sub_att_per_15"": 0.644, ""prior_win_rate"": 0.571}"
Women's Bantamweight,finishing,worst,1,Pannie Kianzad,-1.041,11,637,"{""prior_finish_win_rate"": 0.0, ""avg_kd_for"": 0.0, ""avg_sub_att_per_15"": 0.19, ""prior_win_rate"": 0.455}"
Women's Bantamweight,finishing,worst,2,Yana Santos,-0.867,12,217,"{""prior_finish_win_rate"": 0.0, ""avg_kd_for"": 0.083, ""avg_sub_att_per_15"": 0.083, ""prior_win_rate"": 0.583}"
Women's Bantamweight,finishing,worst,3,Ashlee Evans-Smith,-0.824,9,1029,"{""prior_finish_win_rate"": 0.111, ""avg_kd_for"": 0.0, ""avg_sub_att_per_15"": 0.0, ""prior_win_rate"": 0.333}"
Women's Bantamweight,finishing,worst,4,Jacqueline Cavalcanti,-0.771,5,182,"{""prior_finish_win_rate"": 0.0, ""avg_kd_for"": 0.0, ""avg_sub_att_per_15"": 0.0, ""prior_win_rate"": 1.0}"
Women's Bantamweight,finishing,worst,5,Jessica-Rose Clark,-0.694,9,1092,"{""prior_finish_win_rate"": 0.111, ""avg_kd_for"": 0.0, ""avg_sub_att_per_15"": 0.222, ""prior_win_rate"": 0.444}"
Women's Bantamweight,defense,best,1,Luana Santos,1.575,6,147,"{""avg_sig_str_defense"": 0.697, ""avg_td_defense"": 0.8, ""avg_sig_str_absorbed_per_15"": 44.799, ""avg_td_absorbed_per_15"": 0.167, ""avg_ctrl_absorbed_seconds_per_15"": 61.517, ""avg_kd_against"": 0.0, ""prior_finish_loss_rate"": 0.0}"
Women's Bantamweight,defense,best,2,Jacqueline Cavalcanti,1.375,5,182,"{""avg_sig_str_defense"": 0.649, ""avg_td_defense"": 0.847, ""avg_sig_str_absorbed_per_15"": 47.6, ""avg_td_absorbed_per_15"": 0.4, ""avg_ctrl_absorbed_seconds_per_15"": 83.8, ""avg_kd_against"": 0.0, ""prior_finish_loss_rate"": 0.0}"
Women's Bantamweight,defense,best,3,Amanda Nunes,1.111,18,1064,"{""avg_sig_str_defense"": 0.62, ""avg_td_defense"": 0.716, ""avg_sig_str_absorbed_per_15"": 39.563, ""avg_td_absorbed_per_15"": 0.412, ""avg_ctrl_absorbed_seconds_per_15"": 53.199, ""avg_kd_against"": 0.0, ""prior_finish_loss_rate"": 0.111}"
Women's Bantamweight,defense,best,4,Norma Dumont,0.957,12,14,"{""avg_sig_str_defense"": 0.624, ""avg_td_defense"": 0.833, ""avg_sig_str_absorbed_per_15"": 35.471, ""avg_td_absorbed_per_15"": 0.75, ""avg_ctrl_absorbed_seconds_per_15"": 160.16, ""avg_kd_against"": 0.167, ""prior_finish_loss_rate"": 0.083}"
Women's Bantamweight,defense,best,5,Holly Holm,0.756,15,756,"{""avg_sig_str_defense"": 0.562, ""avg_td_defense"": 0.812, ""avg_sig_str_absorbed_per_15"": 45.114, ""avg_td_absorbed_per_15"": 0.607, ""avg_ctrl_absorbed_seconds_per_15"": 82.635, ""avg_kd_against"": 0.067, ""prior_finish_loss_rate"": 0.2}"
Women's Bantamweight,defense,worst,1,Chelsea Chandler,-1.486,5,378,"{""avg_sig_str_defense"": 0.416, ""avg_td_defense"": 0.222, ""avg_sig_str_absorbed_per_15"": 81.832, ""avg_td_absorbed_per_15"": 2.498, ""avg_ctrl_absorbed_seconds_per_15"": 196.622, ""avg_kd_against"": 0.2, ""prior_finish_loss_rate"": 0.2}"
Women's Bantamweight,defense,worst,2,Priscila Cachoeira,-1.243,13,91,"{""avg_sig_str_defense"": 0.426, ""avg_td_defense"": 0.71, ""avg_sig_str_absorbed_per_15"": 113.607, ""avg_td_absorbed_per_15"": 1.544, ""avg_ctrl_absorbed_seconds_per_15"": 273.311, ""avg_kd_against"": 0.231, ""prior_finish_loss_rate"": 0.385}"
Women's Bantamweight,defense,worst,3,Julianna Pena,-1.006,12,336,"{""avg_sig_str_defense"": 0.521, ""avg_td_defense"": 0.193, ""avg_sig_str_absorbed_per_15"": 34.12, ""avg_td_absorbed_per_15"": 2.136, ""avg_ctrl_absorbed_seconds_per_15"": 300.098, ""avg_kd_against"": 0.333, ""prior_finish_loss_rate"": 0.25}"
Women's Bantamweight,defense,worst,4,Mayra Bueno Silva,-0.875,12,14,"{""avg_sig_str_defense"": 0.47, ""avg_td_defense"": 0.432, ""avg_sig_str_absorbed_per_15"": 71.652, ""avg_td_absorbed_per_15"": 2.794, ""avg_ctrl_absorbed_seconds_per_15"": 346.667, ""avg_kd_against"": 0.0, ""prior_finish_loss_rate"": 0.083}"
Women's Bantamweight,defense,worst,5,Josiane Nunes,-0.681,6,420,"{""avg_sig_str_defense"": 0.52, ""avg_td_defense"": 0.35, ""avg_sig_str_absorbed_per_15"": 104.291, ""avg_td_absorbed_per_15"": 0.833, ""avg_ctrl_absorbed_seconds_per_15"": 110.307, ""avg_kd_against"": 0.167, ""prior_finish_loss_rate"": 0.167}"
Women's Bantamweight,elo,best,1,Amanda Nunes,1691.753,18,1064,"{""prior_elo"": 1691.753, ""prior_peak_elo"": 1691.753, ""prior_win_rate"": 0.889, ""prior_fights"": 18}"
Women's Bantamweight,elo,best,2,Raquel Pennington,1598.594,19,581,"{""prior_elo"": 1598.594, ""prior_peak_elo"": 1613.799, ""prior_win_rate"": 0.684, ""prior_fights"": 19}"
Women's Bantamweight,elo,best,3,Norma Dumont,1589.586,12,14,"{""prior_elo"": 1589.586, ""prior_peak_elo"": 1607.714, ""prior_win_rate"": 0.75, ""prior_fights"": 12}"
Women's Bantamweight,elo,best,4,Joselyne Edwards,1579.357,13,14,"{""prior_elo"": 1579.357, ""prior_peak_elo"": 1579.357, ""prior_win_rate"": 0.692, ""prior_fights"": 13}"
Women's Bantamweight,elo,best,5,Ailin Perez,1575.948,7,70,"{""prior_elo"": 1575.948, ""prior_peak_elo"": 1575.948, ""prior_win_rate"": 0.857, ""prior_fights"": 7}"
Women's Bantamweight,elo,worst,1,Ashlee Evans-Smith,1454.728,9,1029,"{""prior_elo"": 1454.728, ""prior_peak_elo"": 1518.942, ""prior_win_rate"": 0.333, ""prior_fights"": 9}"
Women's Bantamweight,elo,worst,2,Mayra Bueno Silva,1470.705,12,14,"{""prior_elo"": 1470.705, ""prior_peak_elo"": 1544.558, ""prior_win_rate"": 0.417, ""prior_fights"": 12}"
Women's Bantamweight,elo,worst,3,Priscila Cachoeira,1472.736,13,91,"{""prior_elo"": 1472.736, ""prior_peak_elo"": 1516.467, ""prior_win_rate"": 0.385, ""prior_fights"": 13}"
Women's Bantamweight,elo,worst,4,Jessica-Rose Clark,1476.927,9,1092,"{""prior_elo"": 1476.927, ""prior_peak_elo"": 1529.852, ""prior_win_rate"": 0.444, ""prior_fights"": 9}"
Women's Bantamweight,elo,worst,5,Chelsea Chandler,1483.886,5,378,"{""prior_elo"": 1483.886, ""prior_peak_elo"": 1521.329, ""prior_win_rate"": 0.4, ""prior_fights"": 5}"
Women's Bantamweight,experience,best,1,Raquel Pennington,19.0,19,581,"{""prior_fights"": 19, ""prior_wins"": 13, ""prior_losses"": 6, ""prior_win_rate"": 0.684}"
Women's Bantamweight,experience,best,2,Amanda Nunes,18.0,18,1064,"{""prior_fights"": 18, ""prior_wins"": 16, ""prior_losses"": 2, ""prior_win_rate"": 0.889}"
Women's Bantamweight,experience,best,3,Holly Holm,15.0,15,756,"{""prior_fights"": 15, ""prior_wins"": 8, ""prior_losses"": 7, ""prior_win_rate"": 0.533}"
Women's Bantamweight,experience,best,4,Irene Aldana,14.0,14,602,"{""prior_fights"": 14, ""prior_wins"": 8, ""prior_losses"": 6, ""prior_win_rate"": 0.571}"
Women's Bantamweight,experience,best,5,Miesha Tate,14.0,14,371,"{""prior_fights"": 14, ""prior_wins"": 7, ""prior_losses"": 7, ""prior_win_rate"": 0.5}"
Women's Bantamweight,experience,worst,1,Jacqueline Cavalcanti,5.0,5,182,"{""prior_fights"": 5, ""prior_wins"": 5, ""prior_losses"": 0, ""prior_win_rate"": 1.0}"
Women's Bantamweight,experience,worst,2,Chelsea Chandler,5.0,5,378,"{""prior_fights"": 5, ""prior_wins"": 2, ""prior_losses"": 3, ""prior_win_rate"": 0.4}"
Women's Bantamweight,experience,worst,3,Julia Avila,6.0,6,448,"{""prior_fights"": 6, ""prior_wins"": 3, ""prior_losses"": 3, ""prior_win_rate"": 0.5}"
Women's Bantamweight,experience,worst,4,Josiane Nunes,6.0,6,420,"{""prior_fights"": 6, ""prior_wins"": 3, ""prior_losses"": 3, ""prior_win_rate"": 0.5}"
Women's Bantamweight,experience,worst,5,Nora Cornolle,6.0,6,77,"{""prior_fights"": 6, ""prior_wins"": 3, ""prior_losses"": 3, ""prior_win_rate"": 0.5}"
Women's Bantamweight,reach,best,1,Macy Chiasson,72.0,14,70,"{""height_inches"": 71.0, ""reach_inches"": 72.0, ""reach_minus_height_inches"": 1.0}"
Women's Bantamweight,reach,best,2,Germaine de Randamie,71.0,10,763,"{""height_inches"": 69.0, ""reach_inches"": 71.0, ""reach_minus_height_inches"": 2.0}"
Women's Bantamweight,reach,best,3,Joselyne Edwards,70.0,13,14,"{""height_inches"": 68.0, ""reach_inches"": 70.0, ""reach_minus_height_inches"": 2.0}"
Women's Bantamweight,reach,best,4,Jacqueline Cavalcanti,70.0,5,182,"{""height_inches"": 68.0, ""reach_inches"": 70.0, ""reach_minus_height_inches"": 2.0}"
Women's Bantamweight,reach,best,5,Holly Holm,69.0,15,756,"{""height_inches"": 68.0, ""reach_inches"": 69.0, ""reach_minus_height_inches"": 1.0}"
Women's Bantamweight,reach,worst,1,Jessica-Rose Clark,64.0,9,1092,"{""height_inches"": 65.0, ""reach_inches"": 64.0, ""reach_minus_height_inches"": -1.0}"
Women's Bantamweight,reach,worst,2,Miesha Tate,65.0,14,371,"{""height_inches"": 66.0, ""reach_inches"": 65.0, ""reach_minus_height_inches"": -1.0}"
Women's Bantamweight,reach,worst,3,Priscila Cachoeira,65.0,13,91,"{""height_inches"": 67.0, ""reach_inches"": 65.0, ""reach_minus_height_inches"": -2.0}"
Women's Bantamweight,reach,worst,4,Pannie Kianzad,66.0,11,637,"{""height_inches"": 67.0, ""reach_inches"": 66.0, ""reach_minus_height_inches"": -1.0}"
Women's Bantamweight,reach,worst,5,Mayra Bueno Silva,66.0,12,14,"{""height_inches"": 66.0, ""reach_inches"": 66.0, ""reach_minus_height_inches"": 0.0}"
Women's Bantamweight,reach_for_size,best,1,Josiane Nunes,5.0,6,420,"{""height_inches"": 62.0, ""reach_inches"": 67.0, ""reach_minus_height_inches"": 5.0}"
Women's Bantamweight,reach_for_size,best,2,Luana Carolina,3.0,10,224,"{""height_inches"": 66.0, ""reach_inches"": 69.0, ""reach_minus_height_inches"": 3.0}"
Women's Bantamweight,reach_for_size,best,3,Julianna Pena,3.0,12,336,"{""height_inches"": 66.0, ""reach_inches"": 69.0, ""reach_minus_height_inches"": 3.0}"
Women's Bantamweight,reach_for_size,best,4,Yana Santos,2.0,12,217,"{""height_inches"": 66.0, ""reach_inches"": 68.0, ""reach_minus_height_inches"": 2.0}"
Women's Bantamweight,reach_for_size,best,5,Stephanie Egger,2.0,7,882,"{""height_inches"": 66.0, ""reach_inches"": 68.0, ""reach_minus_height_inches"": 2.0}"
Women's Bantamweight,reach_for_size,worst,1,Priscila Cachoeira,-2.0,13,91,"{""height_inches"": 67.0, ""reach_inches"": 65.0, ""reach_minus_height_inches"": -2.0}"
Women's Bantamweight,reach_for_size,worst,2,Miesha Tate,-1.0,14,371,"{""height_inches"": 66.0, ""reach_inches"": 65.0, ""reach_minus_height_inches"": -1.0}"
Women's Bantamweight,reach_for_size,worst,3,Irene Aldana,-1.0,14,602,"{""height_inches"": 69.0, ""reach_inches"": 68.0, ""reach_minus_height_inches"": -1.0}"
Women's Bantamweight,reach_for_size,worst,4,Ashlee Evans-Smith,-1.0,9,1029,"{""height_inches"": 68.0, ""reach_inches"": 67.0, ""reach_minus_height_inches"": -1.0}"
Women's Bantamweight,reach_for_size,worst,5,Pannie Kianzad,-1.0,11,637,"{""height_inches"": 67.0, ""reach_inches"": 66.0, ""reach_minus_height_inches"": -1.0}"
Flyweight,overall,best,1,Joshua Van,1.712,11,0,"{""prior_elo"": 1641.191, ""prior_win_rate"": 0.909, ""recent_5_win_rate"": 1.0, ""avg_sig_str_differential_per_15"": 21.495, ""prior_finish_win_rate"": 0.364}"
Flyweight,overall,best,2,Kyoji Horiguchi,1.539,10,91,"{""prior_elo"": 1619.859, ""prior_win_rate"": 0.9, ""recent_5_win_rate"": 1.0, ""avg_sig_str_differential_per_15"": 32.107, ""prior_finish_win_rate"": 0.3}"
Flyweight,overall,best,3,Muhammad Mokaev,1.536,7,651,"{""prior_elo"": 1602.477, ""prior_win_rate"": 1.0, ""recent_5_win_rate"": 1.0, ""avg_sig_str_differential_per_15"": 5.073, ""prior_finish_win_rate"": 0.571}"
Flyweight,overall,best,4,Alexandre Pantoja,1.432,18,154,"{""prior_elo"": 1631.645, ""prior_win_rate"": 0.778, ""recent_5_win_rate"": 0.8, ""avg_sig_str_differential_per_15"": 20.645, ""prior_finish_win_rate"": 0.444}"
Flyweight,overall,best,5,Tatsuro Taira,1.085,10,0,"{""prior_elo"": 1596.484, ""prior_win_rate"": 0.8, ""recent_5_win_rate"": 0.6, ""avg_sig_str_differential_per_15"": 9.138, ""prior_finish_win_rate"": 0.6}"
Flyweight,overall,worst,1,Daniel Lacerda,-2.144,5,805,"{""prior_elo"": 1415.486, ""prior_win_rate"": 0.0, ""recent_5_win_rate"": 0.0, ""avg_sig_str_differential_per_15"": -64.093, ""prior_finish_win_rate"": 0.0}"
Flyweight,overall,worst,2,Zhalgas Zhumagulov,-1.487,7,1050,"{""prior_elo"": 1430.016, ""prior_win_rate"": 0.143, ""recent_5_win_rate"": 0.2, ""avg_sig_str_differential_per_15"": -16.599, ""prior_finish_win_rate"": 0.143}"
Flyweight,overall,worst,3,Kevin Borjas,-1.472,5,70,"{""prior_elo"": 1450.112, ""prior_win_rate"": 0.2, ""recent_5_win_rate"": 0.2, ""avg_sig_str_differential_per_15"": -44.26, ""prior_finish_win_rate"": 0.0}"
Flyweight,overall,worst,4,Jimmy Flick,-1.197,6,378,"{""prior_elo"": 1459.946, ""prior_win_rate"": 0.333, ""recent_5_win_rate"": 0.2, ""avg_sig_str_differential_per_15"": -73.301, ""prior_finish_win_rate"": 0.333}"
Flyweight,overall,worst,5,Malcolm Gordon,-1.104,7,840,"{""prior_elo"": 1454.193, ""prior_win_rate"": 0.286, ""recent_5_win_rate"": 0.4, ""avg_sig_str_differential_per_15"": -33.151, ""prior_finish_win_rate"": 0.143}"
Flyweight,striking,best,1,Sumudaerji,1.315,10,63,"{""avg_sig_str_differential_per_15"": 39.814, ""avg_sig_str_landed_per_15"": 74.977, ""avg_sig_str_absorbed_per_15"": 35.164, ""avg_sig_str_accuracy"": 0.509, ""avg_sig_str_defense"": 0.644, ""avg_kd_for"": 0.2, ""avg_kd_against"": 0.1}"
Flyweight,striking,best,2,Kyoji Horiguchi,1.295,10,91,"{""avg_sig_str_differential_per_15"": 32.107, ""avg_sig_str_landed_per_15"": 63.858, ""avg_sig_str_absorbed_per_15"": 31.751, ""avg_sig_str_accuracy"": 0.513, ""avg_sig_str_defense"": 0.621, ""avg_kd_for"": 0.6, ""avg_kd_against"": 0.0}"
Flyweight,striking,best,3,Joshua Van,1.191,11,0,"{""avg_sig_str_differential_per_15"": 21.495, ""avg_sig_str_landed_per_15"": 122.212, ""avg_sig_str_absorbed_per_15"": 100.717, ""avg_sig_str_accuracy"": 0.567, ""avg_sig_str_defense"": 0.568, ""avg_kd_for"": 0.636, ""avg_kd_against"": 0.091}"
Flyweight,striking,best,4,Alex Perez,1.133,14,105,"{""avg_sig_str_differential_per_15"": 30.919, ""avg_sig_str_landed_per_15"": 84.932, ""avg_sig_str_absorbed_per_15"": 54.013, ""avg_sig_str_accuracy"": 0.464, ""avg_sig_str_defense"": 0.588, ""avg_kd_for"": 0.429, ""avg_kd_against"": 0.0}"
Flyweight,striking,best,5,Manel Kape,1.064,10,147,"{""avg_sig_str_differential_per_15"": 18.745, ""avg_sig_str_landed_per_15"": 84.851, ""avg_sig_str_absorbed_per_15"": 66.107, ""avg_sig_str_accuracy"": 0.579, ""avg_sig_str_defense"": 0.539, ""avg_kd_for"": 0.7, ""avg_kd_against"": 0.0}"
Flyweight,striking,worst,1,Jimmy Flick,-2.236,6,378,"{""avg_sig_str_differential_per_15"": -73.301, ""avg_sig_str_landed_per_15"": 23.537, ""avg_sig_str_absorbed_per_15"": 96.838, ""avg_sig_str_accuracy"": 0.478, ""avg_sig_str_defense"": 0.4, ""avg_kd_for"": 0.0, ""avg_kd_against"": 0.167}"
Flyweight,striking,worst,2,Daniel Lacerda,-1.85,5,805,"{""avg_sig_str_differential_per_15"": -64.093, ""avg_sig_str_landed_per_15"": 58.855, ""avg_sig_str_absorbed_per_15"": 122.949, ""avg_sig_str_accuracy"": 0.52, ""avg_sig_str_defense"": 0.273, ""avg_kd_for"": 0.6, ""avg_kd_against"": 0.4}"
Flyweight,striking,worst,3,Malcolm Gordon,-1.466,7,840,"{""avg_sig_str_differential_per_15"": -33.151, ""avg_sig_str_landed_per_15"": 34.109, ""avg_sig_str_absorbed_per_15"": 67.26, ""avg_sig_str_accuracy"": 0.312, ""avg_sig_str_defense"": 0.435, ""avg_kd_for"": 0.0, ""avg_kd_against"": 0.286}"
Flyweight,striking,worst,4,Kevin Borjas,-1.27,5,70,"{""avg_sig_str_differential_per_15"": -44.26, ""avg_sig_str_landed_per_15"": 50.061, ""avg_sig_str_absorbed_per_15"": 94.321, ""avg_sig_str_accuracy"": 0.416, ""avg_sig_str_defense"": 0.482, ""avg_kd_for"": 0.6, ""avg_kd_against"": 0.4}"
Flyweight,striking,worst,5,Carlos Hernandez,-0.758,7,357,"{""avg_sig_str_differential_per_15"": -15.14, ""avg_sig_str_landed_per_15"": 41.374, ""avg_sig_str_absorbed_per_15"": 56.514, ""avg_sig_str_accuracy"": 0.43, ""avg_sig_str_defense"": 0.46, ""avg_kd_for"": 0.0, ""avg_kd_against"": 0.286}"
Flyweight,grappling,best,1,Tatsuro Taira,1.501,10,0,"{""avg_td_landed_per_15"": 3.609, ""avg_td_accuracy"": 0.564, ""avg_td_defense"": 0.42, ""avg_ctrl_seconds_per_15"": 516.711, ""avg_sub_att_per_15"": 1.72, ""avg_td_absorbed_per_15"": 0.638, ""avg_ctrl_absorbed_seconds_per_15"": 70.24}"
Flyweight,grappling,best,2,Tagir Ulanbekov,1.377,8,168,"{""avg_td_landed_per_15"": 3.159, ""avg_td_accuracy"": 0.494, ""avg_td_defense"": 0.748, ""avg_ctrl_seconds_per_15"": 400.586, ""avg_sub_att_per_15"": 2.382, ""avg_td_absorbed_per_15"": 1.375, ""avg_ctrl_absorbed_seconds_per_15"": 113.833}"
Flyweight,grappling,best,3,Asu Almabayev,1.257,7,168,"{""avg_td_landed_per_15"": 4.223, ""avg_td_accuracy"": 0.37, ""avg_td_defense"": 0.48, ""avg_ctrl_seconds_per_15"": 405.296, ""avg_sub_att_per_15"": 1.588, ""avg_td_absorbed_per_15"": 0.906, ""avg_ctrl_absorbed_seconds_per_15"": 58.09}"
Flyweight,grappling,best,4,Muhammad Mokaev,1.2,7,651,"{""avg_td_landed_per_15"": 4.545, ""avg_td_accuracy"": 0.474, ""avg_td_defense"": 0.25, ""avg_ctrl_seconds_per_15"": 429.594, ""avg_sub_att_per_15"": 2.824, ""avg_td_absorbed_per_15"": 2.529, ""avg_ctrl_absorbed_seconds_per_15"": 92.373}"
Flyweight,grappling,best,5,Alexandre Pantoja,0.98,18,154,"{""avg_td_landed_per_15"": 2.787, ""avg_td_accuracy"": 0.537, ""avg_td_defense"": 0.72, ""avg_ctrl_seconds_per_15"": 276.162, ""avg_sub_att_per_15"": 2.1, ""avg_td_absorbed_per_15"": 1.56, ""avg_ctrl_absorbed_seconds_per_15"": 110.523}"
Flyweight,grappling,worst,1,Jesus Aguilar,-1.138,7,63,"{""avg_td_landed_per_15"": 0.714, ""avg_td_accuracy"": 0.263, ""avg_td_defense"": 0.354, ""avg_ctrl_seconds_per_15"": 107.303, ""avg_sub_att_per_15"": 1.732, ""avg_td_absorbed_per_15"": 4.017, ""avg_ctrl_absorbed_seconds_per_15"": 393.94}"
Flyweight,grappling,worst,2,Edgar Chairez,-1.07,5,70,"{""avg_td_landed_per_15"": 0.0, ""avg_td_accuracy"": 0.0, ""avg_td_defense"": 0.25, ""avg_ctrl_seconds_per_15"": 29.6, ""avg_sub_att_per_15"": 3.114, ""avg_td_absorbed_per_15"": 2.514, ""avg_ctrl_absorbed_seconds_per_15"": 271.669}"
Flyweight,grappling,worst,3,Charles Johnson,-0.932,14,56,"{""avg_td_landed_per_15"": 0.469, ""avg_td_accuracy"": 0.119, ""avg_td_defense"": 0.663, ""avg_ctrl_seconds_per_15"": 69.058, ""avg_sub_att_per_15"": 0.286, ""avg_td_absorbed_per_15"": 2.808, ""avg_ctrl_absorbed_seconds_per_15"": 207.895}"
Flyweight,grappling,worst,4,Carlos Hernandez,-0.831,7,357,"{""avg_td_landed_per_15"": 1.286, ""avg_td_accuracy"": 0.259, ""avg_td_defense"": 0.579, ""avg_ctrl_seconds_per_15"": 115.773, ""avg_sub_att_per_15"": 0.0, ""avg_td_absorbed_per_15"": 3.05, ""avg_ctrl_absorbed_seconds_per_15"": 273.956}"
Flyweight,grappling,worst,5,Kevin Borjas,-0.696,5,70,"{""avg_td_landed_per_15"": 0.0, ""avg_td_accuracy"": 0.0, ""avg_td_defense"": 0.793, ""avg_ctrl_seconds_per_15"": 46.4, ""avg_sub_att_per_15"": 0.0, ""avg_td_absorbed_per_15"": 0.921, ""avg_ctrl_absorbed_seconds_per_15"": 115.337}"
Flyweight,wrestling,best,1,Tatsuro Taira,1.525,10,0,"{""avg_td_landed_per_15"": 3.609, ""avg_td_attempted_per_15"": 7.213, ""avg_td_accuracy"": 0.564, ""avg_td_defense"": 0.42, ""avg_ctrl_seconds_per_15"": 516.711, ""avg_td_absorbed_per_15"": 0.638}"
Flyweight,wrestling,best,2,Asu Almabayev,1.439,7,168,"{""avg_td_landed_per_15"": 4.223, ""avg_td_attempted_per_15"": 10.105, ""avg_td_accuracy"": 0.37, ""avg_td_defense"": 0.48, ""avg_ctrl_seconds_per_15"": 405.296, ""avg_td_absorbed_per_15"": 0.906}"
Flyweight,wrestling,best,3,Tagir Ulanbekov,1.309,8,168,"{""avg_td_landed_per_15"": 3.159, ""avg_td_attempted_per_15"": 7.421, ""avg_td_accuracy"": 0.494, ""avg_td_defense"": 0.748, ""avg_ctrl_seconds_per_15"": 400.586, ""avg_td_absorbed_per_15"": 1.375}"
Flyweight,wrestling,best,4,Muhammad Mokaev,1.248,7,651,"{""avg_td_landed_per_15"": 4.545, ""avg_td_attempted_per_15"": 10.918, ""avg_td_accuracy"": 0.474, ""avg_td_defense"": 0.25, ""avg_ctrl_seconds_per_15"": 429.594, ""avg_td_absorbed_per_15"": 2.529}"
Flyweight,wrestling,best,5,Daniel Lacerda,1.184,5,805,"{""avg_td_landed_per_15"": 3.952, ""avg_td_attempted_per_15"": 5.324, ""avg_td_accuracy"": 0.625, ""avg_td_defense"": null, ""avg_ctrl_seconds_per_15"": 162.798, ""avg_td_absorbed_per_15"": 0.0}"
Flyweight,wrestling,worst,1,Edgar Chairez,-1.546,5,70,"{""avg_td_landed_per_15"": 0.0, ""avg_td_attempted_per_15"": 0.4, ""avg_td_accuracy"": 0.0, ""avg_td_defense"": 0.25, ""avg_ctrl_seconds_per_15"": 29.6, ""avg_td_absorbed_per_15"": 2.514}"
Flyweight,wrestling,worst,2,Jesus Aguilar,-1.032,7,63,"{""avg_td_landed_per_15"": 0.714, ""avg_td_attempted_per_15"": 2.714, ""avg_td_accuracy"": 0.263, ""avg_td_defense"": 0.354, ""avg_ctrl_seconds_per_15"": 107.303, ""avg_td_absorbed_per_15"": 4.017}"
Flyweight,wrestling,worst,3,Charles Johnson,-0.824,14,56,"{""avg_td_landed_per_15"": 0.469, ""avg_td_attempted_per_15"": 3.094, ""avg_td_accuracy"": 0.119, ""avg_td_defense"": 0.663, ""avg_ctrl_seconds_per_15"": 69.058, ""avg_td_absorbed_per_15"": 2.808}"
Flyweight,wrestling,worst,4,Kevin Borjas,-0.725,5,70,"{""avg_td_landed_per_15"": 0.0, ""avg_td_attempted_per_15"": 2.511, ""avg_td_accuracy"": 0.0, ""avg_td_defense"": 0.793, ""avg_ctrl_seconds_per_15"": 46.4, ""avg_td_absorbed_per_15"": 0.921}"
Flyweight,wrestling,worst,5,CJ Vergara,-0.714,8,406,"{""avg_td_landed_per_15"": 0.0, ""avg_td_attempted_per_15"": 0.0, ""avg_td_accuracy"": null, ""avg_td_defense"": 0.676, ""avg_ctrl_seconds_per_15"": 97.604, ""avg_td_absorbed_per_15"": 2.311}"
Flyweight,finishing,best,1,Joseph Morales,1.246,5,182,"{""prior_finish_win_rate"": 0.6, ""avg_kd_for"": 0.2, ""avg_sub_att_per_15"": 3.341, ""prior_win_rate"": 0.6}"
Flyweight,finishing,best,2,Muhammad Mokaev,1.196,7,651,"{""prior_finish_win_rate"": 0.571, ""avg_kd_for"": 0.143, ""avg_sub_att_per_15"": 2.824, ""prior_win_rate"": 1.0}"
Flyweight,finishing,best,3,HyunSung Park,1.149,5,203,"{""prior_finish_win_rate"": 0.6, ""avg_kd_for"": 0.4, ""avg_sub_att_per_15"": 1.916, ""prior_win_rate"": 0.6}"
Flyweight,finishing,best,4,Tatsuro Taira,1.114,10,0,"{""prior_finish_win_rate"": 0.6, ""avg_kd_for"": 0.3, ""avg_sub_att_per_15"": 1.72, ""prior_win_rate"": 0.8}"
Flyweight,finishing,best,5,Manel Kape,0.84,10,147,"{""prior_finish_win_rate"": 0.5, ""avg_kd_for"": 0.7, ""avg_sub_att_per_15"": 0.2, ""prior_win_rate"": 0.7}"
Flyweight,finishing,worst,1,Carlos Hernandez,-1.399,7,357,"{""prior_finish_win_rate"": 0.0, ""avg_kd_for"": 0.0, ""avg_sub_att_per_15"": 0.0, ""prior_win_rate"": 0.429}"
Flyweight,finishing,worst,2,CJ Vergara,-1.02,8,406,"{""prior_finish_win_rate"": 0.125, ""avg_kd_for"": 0.0, ""avg_sub_att_per_15"": 0.207, ""prior_win_rate"": 0.375}"
Flyweight,finishing,worst,3,Kevin Borjas,-0.97,5,70,"{""prior_finish_win_rate"": 0.0, ""avg_kd_for"": 0.6, ""avg_sub_att_per_15"": 0.0, ""prior_win_rate"": 0.2}"
Flyweight,finishing,worst,4,Daniel Lacerda,-0.935,5,805,"{""prior_finish_win_rate"": 0.0, ""avg_kd_for"": 0.6, ""avg_sub_att_per_15"": 0.662, ""prior_win_rate"": 0.0}"
Flyweight,finishing,worst,5,Zhalgas Zhumagulov,-0.912,7,1050,"{""prior_finish_win_rate"": 0.143, ""avg_kd_for"": 0.0, ""avg_sub_att_per_15"": 1.054, ""prior_win_rate"": 0.143}"
Flyweight,defense,best,1,Tyson Nam,1.132,8,1029,"{""avg_sig_str_defense"": 0.636, ""avg_td_defense"": 0.939, ""avg_sig_str_absorbed_per_15"": 71.444, ""avg_td_absorbed_per_15"": 0.25, ""avg_ctrl_absorbed_seconds_per_15"": 20.693, ""avg_kd_against"": 0.125, ""prior_finish_loss_rate"": 0.125}"
Flyweight,defense,best,2,Matheus Nicolau,1.068,11,567,"{""avg_sig_str_defense"": 0.643, ""avg_td_defense"": 0.947, ""avg_sig_str_absorbed_per_15"": 47.873, ""avg_td_absorbed_per_15"": 0.182, ""avg_ctrl_absorbed_seconds_per_15"": 59.79, ""avg_kd_against"": 0.455, ""prior_finish_loss_rate"": 0.273}"
Flyweight,defense,best,3,Amir Albazi,0.979,7,91,"{""avg_sig_str_defense"": 0.584, ""avg_td_defense"": 0.667, ""avg_sig_str_absorbed_per_15"": 48.168, ""avg_td_absorbed_per_15"": 0.314, ""avg_ctrl_absorbed_seconds_per_15"": 27.716, ""avg_kd_against"": 0.0, ""prior_finish_loss_rate"": 0.0}"
Flyweight,defense,best,4,Kyoji Horiguchi,0.874,10,91,"{""avg_sig_str_defense"": 0.621, ""avg_td_defense"": 0.67, ""avg_sig_str_absorbed_per_15"": 31.751, ""avg_td_absorbed_per_15"": 1.432, ""avg_ctrl_absorbed_seconds_per_15"": 145.703, ""avg_kd_against"": 0.0, ""prior_finish_loss_rate"": 0.1}"
Flyweight,defense,best,5,David Dvorak,0.801,6,1064,"{""avg_sig_str_defense"": 0.594, ""avg_td_defense"": 0.795, ""avg_sig_str_absorbed_per_15"": 52.457, ""avg_td_absorbed_per_15"": 1.0, ""avg_ctrl_absorbed_seconds_per_15"": 47.667, ""avg_kd_against"": 0.333, ""prior_finish_loss_rate"": 0.0}"
Flyweight,defense,worst,1,Jimmy Flick,-1.705,6,378,"{""avg_sig_str_defense"": 0.4, ""avg_td_defense"": 0.0, ""avg_sig_str_absorbed_per_15"": 96.838, ""avg_td_absorbed_per_15"": 1.913, ""avg_ctrl_absorbed_seconds_per_15"": 319.75, ""avg_kd_against"": 0.167, ""prior_finish_loss_rate"": 0.333}"
Flyweight,defense,worst,2,Daniel Lacerda,-1.695,5,805,"{""avg_sig_str_defense"": 0.273, ""avg_td_defense"": null, ""avg_sig_str_absorbed_per_15"": 122.949, ""avg_td_absorbed_per_15"": 0.0, ""avg_ctrl_absorbed_seconds_per_15"": 259.262, ""avg_kd_against"": 0.4, ""prior_finish_loss_rate"": 1.0}"
Flyweight,defense,worst,3,Malcolm Gordon,-1.558,7,840,"{""avg_sig_str_defense"": 0.435, ""avg_td_defense"": 0.179, ""avg_sig_str_absorbed_per_15"": 67.26, ""avg_td_absorbed_per_15"": 3.541, ""avg_ctrl_absorbed_seconds_per_15"": 287.605, ""avg_kd_against"": 0.286, ""prior_finish_loss_rate"": 0.714}"
Flyweight,defense,worst,4,Brandon Royval,-0.848,12,147,"{""avg_sig_str_defense"": 0.471, ""avg_td_defense"": 0.455, ""avg_sig_str_absorbed_per_15"": 61.481, ""avg_td_absorbed_per_15"": 3.175, ""avg_ctrl_absorbed_seconds_per_15"": 296.703, ""avg_kd_against"": 0.333, ""prior_finish_loss_rate"": 0.25}"
Flyweight,defense,worst,5,Jesus Aguilar,-0.836,7,63,"{""avg_sig_str_defense"": 0.468, ""avg_td_defense"": 0.354, ""avg_sig_str_absorbed_per_15"": 44.375, ""avg_td_absorbed_per_15"": 4.017, ""avg_ctrl_absorbed_seconds_per_15"": 393.94, ""avg_kd_against"": 0.0, ""prior_finish_loss_rate"": 0.143}"
Flyweight,elo,best,1,Joshua Van,1641.191,11,0,"{""prior_elo"": 1641.191, ""prior_peak_elo"": 1641.191, ""prior_win_rate"": 0.909, ""prior_fights"": 11}"
Flyweight,elo,best,2,Alexandre Pantoja,1631.645,18,154,"{""prior_elo"": 1631.645, ""prior_peak_elo"": 1654.875, ""prior_win_rate"": 0.778, ""prior_fights"": 18}"
Flyweight,elo,best,3,Kyoji Horiguchi,1619.859,10,91,"{""prior_elo"": 1619.859, ""prior_peak_elo"": 1619.859, ""prior_win_rate"": 0.9, ""prior_fights"": 10}"
Flyweight,elo,best,4,Muhammad Mokaev,1602.477,7,651,"{""prior_elo"": 1602.477, ""prior_peak_elo"": 1602.477, ""prior_win_rate"": 1.0, ""prior_fights"": 7}"
Flyweight,elo,best,5,Tatsuro Taira,1596.484,10,0,"{""prior_elo"": 1596.484, ""prior_peak_elo"": 1616.178, ""prior_win_rate"": 0.8, ""prior_fights"": 10}"
Flyweight,elo,worst,1,Daniel Lacerda,1415.486,5,805,"{""prior_elo"": 1415.486, ""prior_peak_elo"": 1480.92, ""prior_win_rate"": 0.0, ""prior_fights"": 5}"
Flyweight,elo,worst,2,Zhalgas Zhumagulov,1430.016,7,1050,"{""prior_elo"": 1430.016, ""prior_peak_elo"": 1483.927, ""prior_win_rate"": 0.143, ""prior_fights"": 7}"
Flyweight,elo,worst,3,Kevin Borjas,1450.112,5,70,"{""prior_elo"": 1450.112, ""prior_peak_elo"": 1484.521, ""prior_win_rate"": 0.2, ""prior_fights"": 5}"
Flyweight,elo,worst,4,Malcolm Gordon,1454.193,7,840,"{""prior_elo"": 1454.193, ""prior_peak_elo"": 1504.178, ""prior_win_rate"": 0.286, ""prior_fights"": 7}"
Flyweight,elo,worst,5,Jimmy Flick,1459.946,6,378,"{""prior_elo"": 1459.946, ""prior_peak_elo"": 1516.0, ""prior_win_rate"": 0.333, ""prior_fights"": 6}"
Flyweight,experience,best,1,Tim Elliott,22.0,22,7,"{""prior_fights"": 22, ""prior_wins"": 10, ""prior_losses"": 12, ""prior_win_rate"": 0.455}"
Flyweight,experience,best,2,Bruno Silva,21.0,21,56,"{""prior_fights"": 21, ""prior_wins"": 9, ""prior_losses"": 12, ""prior_win_rate"": 0.429}"
Flyweight,experience,best,3,Brandon Moreno,18.0,18,70,"{""prior_fights"": 18, ""prior_wins"": 11, ""prior_losses"": 7, ""prior_win_rate"": 0.611}"
Flyweight,experience,best,4,Alexandre Pantoja,18.0,18,154,"{""prior_fights"": 18, ""prior_wins"": 14, ""prior_losses"": 4, ""prior_win_rate"": 0.778}"
Flyweight,experience,best,5,Matt Schnell,15.0,15,182,"{""prior_fights"": 15, ""prior_wins"": 7, ""prior_losses"": 8, ""prior_win_rate"": 0.467}"
Flyweight,experience,worst,1,Joseph Morales,5.0,5,182,"{""prior_fights"": 5, ""prior_wins"": 3, ""prior_losses"": 2, ""prior_win_rate"": 0.6}"
Flyweight,experience,worst,2,HyunSung Park,5.0,5,203,"{""prior_fights"": 5, ""prior_wins"": 3, ""prior_losses"": 2, ""prior_win_rate"": 0.6}"
Flyweight,experience,worst,3,Clayton Carpenter,5.0,5,0,"{""prior_fights"": 5, ""prior_wins"": 2, ""prior_losses"": 3, ""prior_win_rate"": 0.4}"
Flyweight,experience,worst,4,Daniel Lacerda,5.0,5,805,"{""prior_fights"": 5, ""prior_wins"": 0, ""prior_losses"": 5, ""prior_win_rate"": 0.0}"
Flyweight,experience,worst,5,Kevin Borjas,5.0,5,70,"{""prior_fights"": 5, ""prior_wins"": 1, ""prior_losses"": 4, ""prior_win_rate"": 0.2}"
Flyweight,reach,best,1,Sumudaerji,72.0,10,63,"{""height_inches"": 68.0, ""reach_inches"": 72.0, ""reach_minus_height_inches"": 4.0}"
Flyweight,reach,best,2,Nate Maness,72.0,7,693,"{""height_inches"": 70.0, ""reach_inches"": 72.0, ""reach_minus_height_inches"": 2.0}"
Flyweight,reach,best,3,Malcolm Gordon,71.0,7,840,"{""height_inches"": 67.0, ""reach_inches"": 71.0, ""reach_minus_height_inches"": 4.0}"
Flyweight,reach,best,4,Edgar Chairez,71.0,5,70,"{""height_inches"": 67.0, ""reach_inches"": 71.0, ""reach_minus_height_inches"": 4.0}"
Flyweight,reach,best,5,Matt Schnell,70.0,15,182,"{""height_inches"": 68.0, ""reach_inches"": 70.0, ""reach_minus_height_inches"": 2.0}"
Flyweight,reach,worst,1,Jesus Aguilar,62.0,7,63,"{""height_inches"": 64.0, ""reach_inches"": 62.0, ""reach_minus_height_inches"": -2.0}"
Flyweight,reach,worst,2,Kyoji Horiguchi,63.0,10,91,"{""height_inches"": 64.0, ""reach_inches"": 63.0, ""reach_minus_height_inches"": -1.0}"
Flyweight,reach,worst,3,Bruno Silva,65.0,21,56,"{""height_inches"": 64.0, ""reach_inches"": 65.0, ""reach_minus_height_inches"": 1.0}"
Flyweight,reach,worst,4,Alex Perez,65.0,14,105,"{""height_inches"": 66.0, ""reach_inches"": 65.0, ""reach_minus_height_inches"": -1.0}"
Flyweight,reach,worst,5,Asu Almabayev,65.0,7,168,"{""height_inches"": 64.0, ""reach_inches"": 65.0, ""reach_minus_height_inches"": 1.0}"
Flyweight,reach_for_size,best,1,Kai Kara-France,5.0,13,315,"{""height_inches"": 64.0, ""reach_inches"": 69.0, ""reach_minus_height_inches"": 5.0}"
Flyweight,reach_for_size,best,2,Daniel Lacerda,4.0,5,805,"{""height_inches"": 66.0, ""reach_inches"": 70.0, ""reach_minus_height_inches"": 4.0}"
Flyweight,reach_for_size,best,3,Malcolm Gordon,4.0,7,840,"{""height_inches"": 67.0, ""reach_inches"": 71.0, ""reach_minus_height_inches"": 4.0}"
Flyweight,reach_for_size,best,4,Sumudaerji,4.0,10,63,"{""height_inches"": 68.0, ""reach_inches"": 72.0, ""reach_minus_height_inches"": 4.0}"
Flyweight,reach_for_size,best,5,Edgar Chairez,4.0,5,70,"{""height_inches"": 67.0, ""reach_inches"": 71.0, ""reach_minus_height_inches"": 4.0}"
Flyweight,reach_for_size,worst,1,Jesus Aguilar,-2.0,7,63,"{""height_inches"": 64.0, ""reach_inches"": 62.0, ""reach_minus_height_inches"": -2.0}"
Flyweight,reach_for_size,worst,2,Tim Elliott,-1.0,22,7,"{""height_inches"": 67.0, ""reach_inches"": 66.0, ""reach_minus_height_inches"": -1.0}"
Flyweight,reach_for_size,worst,3,Alex Perez,-1.0,14,105,"{""height_inches"": 66.0, ""reach_inches"": 65.0, ""reach_minus_height_inches"": -1.0}"
Flyweight,reach_for_size,worst,4,Kyoji Horiguchi,-1.0,10,91,"{""height_inches"": 64.0, ""reach_inches"": 63.0, ""reach_minus_height_inches"": -1.0}"
Flyweight,reach_for_size,worst,5,Carlos Hernandez,-1.0,7,357,"{""height_inches"": 68.0, ""reach_inches"": 67.0, ""reach_minus_height_inches"": -1.0}"
Bantamweight,overall,best,1,Merab Dvalishvili,1.429,17,154,"{""prior_elo"": 1678.072, ""prior_win_rate"": 0.824, ""recent_5_win_rate"": 0.8, ""avg_sig_str_differential_per_15"": 26.526, ""prior_finish_win_rate"": 0.118}"
Bantamweight,overall,best,2,Umar Nurmagomedov,1.268,9,105,"{""prior_elo"": 1623.259, ""prior_win_rate"": 0.889, ""recent_5_win_rate"": 0.8, ""avg_sig_str_differential_per_15"": 41.178, ""prior_finish_win_rate"": 0.333}"
Bantamweight,overall,best,3,Payton Talbott,1.267,6,154,"{""prior_elo"": 1570.834, ""prior_win_rate"": 0.833, ""recent_5_win_rate"": 0.8, ""avg_sig_str_differential_per_15"": 138.077, ""prior_finish_win_rate"": 0.5}"
Bantamweight,overall,best,4,Sean O'Malley,1.244,14,105,"{""prior_elo"": 1639.236, ""prior_win_rate"": 0.786, ""recent_5_win_rate"": 0.6, ""avg_sig_str_differential_per_15"": 49.293, ""prior_finish_win_rate"": 0.429}"
Bantamweight,overall,best,5,Petr Yan,1.189,16,154,"{""prior_elo"": 1652.043, ""prior_win_rate"": 0.75, ""recent_5_win_rate"": 0.8, ""avg_sig_str_differential_per_15"": 19.616, ""prior_finish_win_rate"": 0.25}"
Bantamweight,overall,worst,1,Vince Morales,-2.076,12,7,"{""prior_elo"": 1425.596, ""prior_win_rate"": 0.25, ""recent_5_win_rate"": 0.0, ""avg_sig_str_differential_per_15"": -7.336, ""prior_finish_win_rate"": 0.083}"
Bantamweight,overall,worst,2,Cody Gibson,-1.48,10,203,"{""prior_elo"": 1447.645, ""prior_win_rate"": 0.3, ""recent_5_win_rate"": 0.4, ""avg_sig_str_differential_per_15"": -6.401, ""prior_finish_win_rate"": 0.2}"
Bantamweight,overall,worst,3,Johnny Munoz,-1.316,6,945,"{""prior_elo"": 1465.694, ""prior_win_rate"": 0.333, ""recent_5_win_rate"": 0.4, ""avg_sig_str_differential_per_15"": -7.477, ""prior_finish_win_rate"": 0.167}"
Bantamweight,overall,worst,4,Brad Katona,-1.236,9,364,"{""prior_elo"": 1474.193, ""prior_win_rate"": 0.444, ""recent_5_win_rate"": 0.4, ""avg_sig_str_differential_per_15"": -9.382, ""prior_finish_win_rate"": 0.0}"
Bantamweight,overall,worst,5,Ode Osbourne,-1.201,12,273,"{""prior_elo"": 1471.294, ""prior_win_rate"": 0.417, ""recent_5_win_rate"": 0.2, ""avg_sig_str_differential_per_15"": 1.193, ""prior_finish_win_rate"": 0.25}"
Bantamweight,striking,best,1,Payton Talbott,3.508,6,154,"{""avg_sig_str_differential_per_15"": 138.077, ""avg_sig_str_landed_per_15"": 186.264, ""avg_sig_str_absorbed_per_15"": 48.187, ""avg_sig_str_accuracy"": 0.64, ""avg_sig_str_defense"": 0.484, ""avg_kd_for"": 0.5, ""avg_kd_against"": 0.0}"
Bantamweight,striking,best,2,Rinya Nakamura,1.756,5,280,"{""avg_sig_str_differential_per_15"": 72.511, ""avg_sig_str_landed_per_15"": 115.839, ""avg_sig_str_absorbed_per_15"": 43.328, ""avg_sig_str_accuracy"": 0.534, ""avg_sig_str_defense"": 0.611, ""avg_kd_for"": 0.6, ""avg_kd_against"": 0.2}"
Bantamweight,striking,best,3,Sean O'Malley,1.323,14,105,"{""avg_sig_str_differential_per_15"": 49.293, ""avg_sig_str_landed_per_15"": 94.293, ""avg_sig_str_absorbed_per_15"": 45.0, ""avg_sig_str_accuracy"": 0.605, ""avg_sig_str_defense"": 0.6, ""avg_kd_for"": 0.429, ""avg_kd_against"": 0.0}"
Bantamweight,striking,best,4,Said Nurmagomedov,1.175,11,287,"{""avg_sig_str_differential_per_15"": 53.122, ""avg_sig_str_landed_per_15"": 81.418, ""avg_sig_str_absorbed_per_15"": 28.296, ""avg_sig_str_accuracy"": 0.534, ""avg_sig_str_defense"": 0.582, ""avg_kd_for"": 0.182, ""avg_kd_against"": 0.0}"
Bantamweight,striking,best,5,Umar Nurmagomedov,1.001,9,105,"{""avg_sig_str_differential_per_15"": 41.178, ""avg_sig_str_landed_per_15"": 63.483, ""avg_sig_str_absorbed_per_15"": 22.304, ""avg_sig_str_accuracy"": 0.608, ""avg_sig_str_defense"": 0.705, ""avg_kd_for"": 0.111, ""avg_kd_against"": 0.222}"
Bantamweight,striking,worst,1,Brian Kelleher,-1.242,17,658,"{""avg_sig_str_differential_per_15"": -23.64, ""avg_sig_str_landed_per_15"": 42.405, ""avg_sig_str_absorbed_per_15"": 66.045, ""avg_sig_str_accuracy"": 0.428, ""avg_sig_str_defense"": 0.548, ""avg_kd_for"": 0.176, ""avg_kd_against"": 0.176}"
Bantamweight,striking,worst,2,Johnny Munoz,-1.073,6,945,"{""avg_sig_str_differential_per_15"": -7.477, ""avg_sig_str_landed_per_15"": 34.36, ""avg_sig_str_absorbed_per_15"": 41.837, ""avg_sig_str_accuracy"": 0.352, ""avg_sig_str_defense"": 0.579, ""avg_kd_for"": 0.0, ""avg_kd_against"": 0.333}"
Bantamweight,striking,worst,3,Alatengheili,-1.0,8,378,"{""avg_sig_str_differential_per_15"": -17.995, ""avg_sig_str_landed_per_15"": 58.418, ""avg_sig_str_absorbed_per_15"": 76.412, ""avg_sig_str_accuracy"": 0.356, ""avg_sig_str_defense"": 0.601, ""avg_kd_for"": 0.125, ""avg_kd_against"": 0.0}"
Bantamweight,striking,worst,4,Ricky Simon,-0.991,16,182,"{""avg_sig_str_differential_per_15"": -19.007, ""avg_sig_str_landed_per_15"": 46.521, ""avg_sig_str_absorbed_per_15"": 65.527, ""avg_sig_str_accuracy"": 0.464, ""avg_sig_str_defense"": 0.584, ""avg_kd_for"": 0.312, ""avg_kd_against"": 0.25}"
Bantamweight,striking,worst,5,Vince Morales,-0.914,12,7,"{""avg_sig_str_differential_per_15"": -7.336, ""avg_sig_str_landed_per_15"": 59.907, ""avg_sig_str_absorbed_per_15"": 67.243, ""avg_sig_str_accuracy"": 0.388, ""avg_sig_str_defense"": 0.529, ""avg_kd_for"": 0.167, ""avg_kd_against"": 0.167}"
Bantamweight,grappling,best,1,Raul Rosas Jr.,1.935,7,63,"{""avg_td_landed_per_15"": 6.446, ""avg_td_accuracy"": 0.541, ""avg_td_defense"": 0.333, ""avg_ctrl_seconds_per_15"": 520.48, ""avg_sub_att_per_15"": 2.002, ""avg_td_absorbed_per_15"": 0.286, ""avg_ctrl_absorbed_seconds_per_15"": 100.412}"
Bantamweight,grappling,best,2,Umar Nurmagomedov,1.628,9,105,"{""avg_td_landed_per_15"": 4.276, ""avg_td_accuracy"": 0.505, ""avg_td_defense"": 0.942, ""avg_ctrl_seconds_per_15"": 358.967, ""avg_sub_att_per_15"": 0.705, ""avg_td_absorbed_per_15"": 0.467, ""avg_ctrl_absorbed_seconds_per_15"": 20.107}"
Bantamweight,grappling,best,3,Merab Dvalishvili,1.505,17,154,"{""avg_td_landed_per_15"": 6.063, ""avg_td_accuracy"": 0.415, ""avg_td_defense"": 0.776, ""avg_ctrl_seconds_per_15"": 343.388, ""avg_sub_att_per_15"": 0.366, ""avg_td_absorbed_per_15"": 0.518, ""avg_ctrl_absorbed_seconds_per_15"": 47.646}"
Bantamweight,grappling,best,4,Rinya Nakamura,1.298,5,280,"{""avg_td_landed_per_15"": 1.4, ""avg_td_accuracy"": 0.667, ""avg_td_defense"": 1.0, ""avg_ctrl_seconds_per_15"": 312.17, ""avg_sub_att_per_15"": 0.8, ""avg_td_absorbed_per_15"": 0.0, ""avg_ctrl_absorbed_seconds_per_15"": 31.4}"
Bantamweight,grappling,best,5,Cody Durden,1.156,15,14,"{""avg_td_landed_per_15"": 4.54, ""avg_td_accuracy"": 0.645, ""avg_td_defense"": 0.7, ""avg_ctrl_seconds_per_15"": 286.676, ""avg_sub_att_per_15"": 0.692, ""avg_td_absorbed_per_15"": 0.679, ""avg_ctrl_absorbed_seconds_per_15"": 113.879}"
Bantamweight,grappling,worst,1,Chad Anheliger,-1.678,5,553,"{""avg_td_landed_per_15"": 0.81, ""avg_td_accuracy"": 0.167, ""avg_td_defense"": 0.259, ""avg_ctrl_seconds_per_15"": 113.048, ""avg_sub_att_per_15"": 0.443, ""avg_td_absorbed_per_15"": 3.288, ""avg_ctrl_absorbed_seconds_per_15"": 327.324}"
Bantamweight,grappling,worst,2,Charles Jourdain,-1.237,16,21,"{""avg_td_landed_per_15"": 0.567, ""avg_td_accuracy"": 0.147, ""avg_td_defense"": 0.346, ""avg_ctrl_seconds_per_15"": 93.67, ""avg_sub_att_per_15"": 1.137, ""avg_td_absorbed_per_15"": 3.158, ""avg_ctrl_absorbed_seconds_per_15"": 190.85}"
Bantamweight,grappling,worst,3,Ode Osbourne,-1.152,12,273,"{""avg_td_landed_per_15"": 0.5, ""avg_td_accuracy"": 0.319, ""avg_td_defense"": 0.55, ""avg_ctrl_seconds_per_15"": 44.749, ""avg_sub_att_per_15"": 0.167, ""avg_td_absorbed_per_15"": 1.628, ""avg_ctrl_absorbed_seconds_per_15"": 274.922}"
Bantamweight,grappling,worst,4,Rob Font,-1.086,21,63,"{""avg_td_landed_per_15"": 0.797, ""avg_td_accuracy"": 0.318, ""avg_td_defense"": 0.419, ""avg_ctrl_seconds_per_15"": 89.321, ""avg_sub_att_per_15"": 0.507, ""avg_td_absorbed_per_15"": 2.842, ""avg_ctrl_absorbed_seconds_per_15"": 198.645}"
Bantamweight,grappling,worst,5,Chris Gutierrez,-1.071,14,217,"{""avg_td_landed_per_15"": 0.214, ""avg_td_accuracy"": 0.357, ""avg_td_defense"": 0.435, ""avg_ctrl_seconds_per_15"": 35.678, ""avg_sub_att_per_15"": 0.0, ""avg_td_absorbed_per_15"": 1.246, ""avg_ctrl_absorbed_seconds_per_15"": 168.513}"
Bantamweight,wrestling,best,1,Raul Rosas Jr.,2.121,7,63,"{""avg_td_landed_per_15"": 6.446, ""avg_td_attempted_per_15"": 11.388, ""avg_td_accuracy"": 0.541, ""avg_td_defense"": 0.333, ""avg_ctrl_seconds_per_15"": 520.48, ""avg_td_absorbed_per_15"": 0.286}"
Bantamweight,wrestling,best,2,Merab Dvalishvili,2.082,17,154,"{""avg_td_landed_per_15"": 6.063, ""avg_td_attempted_per_15"": 16.272, ""avg_td_accuracy"": 0.415, ""avg_td_defense"": 0.776, ""avg_ctrl_seconds_per_15"": 343.388, ""avg_td_absorbed_per_15"": 0.518}"
Bantamweight,wrestling,best,3,Umar Nurmagomedov,1.746,9,105,"{""avg_td_landed_per_15"": 4.276, ""avg_td_attempted_per_15"": 9.772, ""avg_td_accuracy"": 0.505, ""avg_td_defense"": 0.942, ""avg_ctrl_seconds_per_15"": 358.967, ""avg_td_absorbed_per_15"": 0.467}"
Bantamweight,wrestling,best,4,Cody Durden,1.404,15,14,"{""avg_td_landed_per_15"": 4.54, ""avg_td_attempted_per_15"": 7.103, ""avg_td_accuracy"": 0.645, ""avg_td_defense"": 0.7, ""avg_ctrl_seconds_per_15"": 286.676, ""avg_td_absorbed_per_15"": 0.679}"
Bantamweight,wrestling,best,5,Ricky Simon,1.038,16,182,"{""avg_td_landed_per_15"": 3.972, ""avg_td_attempted_per_15"": 10.304, ""avg_td_accuracy"": 0.384, ""avg_td_defense"": 0.622, ""avg_ctrl_seconds_per_15"": 284.471, ""avg_td_absorbed_per_15"": 0.688}"
Bantamweight,wrestling,worst,1,Charles Jourdain,-1.364,16,21,"{""avg_td_landed_per_15"": 0.567, ""avg_td_attempted_per_15"": 2.123, ""avg_td_accuracy"": 0.147, ""avg_td_defense"": 0.346, ""avg_ctrl_seconds_per_15"": 93.67, ""avg_td_absorbed_per_15"": 3.158}"
Bantamweight,wrestling,worst,2,Chad Anheliger,-1.35,5,553,"{""avg_td_landed_per_15"": 0.81, ""avg_td_attempted_per_15"": 2.241, ""avg_td_accuracy"": 0.167, ""avg_td_defense"": 0.259, ""avg_ctrl_seconds_per_15"": 113.048, ""avg_td_absorbed_per_15"": 3.288}"
Bantamweight,wrestling,worst,3,Jake Hadley,-1.107,7,567,"{""avg_td_landed_per_15"": 0.143, ""avg_td_attempted_per_15"": 2.429, ""avg_td_accuracy"": 0.125, ""avg_td_defense"": 0.427, ""avg_ctrl_seconds_per_15"": 95.002, ""avg_td_absorbed_per_15"": 1.28}"
Bantamweight,wrestling,worst,4,Chris Gutierrez,-1.049,14,217,"{""avg_td_landed_per_15"": 0.214, ""avg_td_attempted_per_15"": 0.845, ""avg_td_accuracy"": 0.357, ""avg_td_defense"": 0.435, ""avg_ctrl_seconds_per_15"": 35.678, ""avg_td_absorbed_per_15"": 1.246}"
Bantamweight,wrestling,worst,5,Rob Font,-1.019,21,63,"{""avg_td_landed_per_15"": 0.797, ""avg_td_attempted_per_15"": 2.734, ""avg_td_accuracy"": 0.318, ""avg_td_defense"": 0.419, ""avg_ctrl_seconds_per_15"": 89.321, ""avg_td_absorbed_per_15"": 2.842}"
Bantamweight,finishing,best,1,Marcus McGhee,1.505,5,287,"{""prior_finish_win_rate"": 0.6, ""avg_kd_for"": 0.6, ""avg_sub_att_per_15"": 0.426, ""prior_win_rate"": 0.8}"
Bantamweight,finishing,best,2,Adrian Yanez,1.226,9,511,"{""prior_finish_win_rate"": 0.556, ""avg_kd_for"": 0.667, ""avg_sub_att_per_15"": 0.0, ""prior_win_rate"": 0.667}"
Bantamweight,finishing,best,3,Said Nurmagomedov,1.201,11,287,"{""prior_finish_win_rate"": 0.455, ""avg_kd_for"": 0.182, ""avg_sub_att_per_15"": 3.597, ""prior_win_rate"": 0.636}"
Bantamweight,finishing,best,4,Deiveson Figueiredo,1.152,20,105,"{""prior_finish_win_rate"": 0.4, ""avg_kd_for"": 0.6, ""avg_sub_att_per_15"": 2.344, ""prior_win_rate"": 0.7}"
Bantamweight,finishing,best,5,Payton Talbott,1.021,6,154,"{""prior_finish_win_rate"": 0.5, ""avg_kd_for"": 0.5, ""avg_sub_att_per_15"": 0.228, ""prior_win_rate"": 0.833}"
Bantamweight,finishing,worst,1,Brad Katona,-1.57,9,364,"{""prior_finish_win_rate"": 0.0, ""avg_kd_for"": 0.0, ""avg_sub_att_per_15"": 0.0, ""prior_win_rate"": 0.444}"
Bantamweight,finishing,worst,2,Muin Gafurov,-1.408,5,91,"{""prior_finish_win_rate"": 0.0, ""avg_kd_for"": 0.2, ""avg_sub_att_per_15"": 0.0, ""prior_win_rate"": 0.4}"
Bantamweight,finishing,worst,3,Javid Basharat,-1.274,6,91,"{""prior_finish_win_rate"": 0.0, ""avg_kd_for"": 0.167, ""avg_sub_att_per_15"": 0.0, ""prior_win_rate"": 0.667}"
Bantamweight,finishing,worst,4,Cody Stamann,-1.14,14,546,"{""prior_finish_win_rate"": 0.071, ""avg_kd_for"": 0.143, ""avg_sub_att_per_15"": 0.0, ""prior_win_rate"": 0.5}"
Bantamweight,finishing,worst,5,Vince Morales,-1.134,12,7,"{""prior_finish_win_rate"": 0.083, ""avg_kd_for"": 0.167, ""avg_sub_att_per_15"": 0.417, ""prior_win_rate"": 0.25}"
Bantamweight,defense,best,1,Umar Nurmagomedov,1.81,9,105,"{""avg_sig_str_defense"": 0.705, ""avg_td_defense"": 0.942, ""avg_sig_str_absorbed_per_15"": 22.304, ""avg_td_absorbed_per_15"": 0.467, ""avg_ctrl_absorbed_seconds_per_15"": 20.107, ""avg_kd_against"": 0.222, ""prior_finish_loss_rate"": 0.0}"
Bantamweight,defense,best,2,Marcus McGhee,1.283,5,287,"{""avg_sig_str_defense"": 0.648, ""avg_td_defense"": 0.889, ""avg_sig_str_absorbed_per_15"": 46.414, ""avg_td_absorbed_per_15"": 0.2, ""avg_ctrl_absorbed_seconds_per_15"": 77.823, ""avg_kd_against"": 0.0, ""prior_finish_loss_rate"": 0.0}"
Bantamweight,defense,best,3,Rinya Nakamura,1.252,5,280,"{""avg_sig_str_defense"": 0.611, ""avg_td_defense"": 1.0, ""avg_sig_str_absorbed_per_15"": 43.328, ""avg_td_absorbed_per_15"": 0.0, ""avg_ctrl_absorbed_seconds_per_15"": 31.4, ""avg_kd_against"": 0.2, ""prior_finish_loss_rate"": 0.0}"
Bantamweight,defense,best,4,Alatengheili,1.02,8,378,"{""avg_sig_str_defense"": 0.601, ""avg_td_defense"": 1.0, ""avg_sig_str_absorbed_per_15"": 76.412, ""avg_td_absorbed_per_15"": 0.0, ""avg_ctrl_absorbed_seconds_per_15"": 5.5, ""avg_kd_against"": 0.0, ""prior_finish_loss_rate"": 0.0}"
Bantamweight,defense,best,5,Song Yadong,0.86,15,105,"{""avg_sig_str_defense"": 0.618, ""avg_td_defense"": 0.784, ""avg_sig_str_absorbed_per_15"": 53.73, ""avg_td_absorbed_per_15"": 0.678, ""avg_ctrl_absorbed_seconds_per_15"": 43.962, ""avg_kd_against"": 0.0, ""prior_finish_loss_rate"": 0.067}"
Bantamweight,defense,worst,1,Ode Osbourne,-1.258,12,273,"{""avg_sig_str_defense"": 0.459, ""avg_td_defense"": 0.55, ""avg_sig_str_absorbed_per_15"": 57.324, ""avg_td_absorbed_per_15"": 1.628, ""avg_ctrl_absorbed_seconds_per_15"": 274.922, ""avg_kd_against"": 0.167, ""prior_finish_loss_rate"": 0.417}"
Bantamweight,defense,worst,2,Jean Matsumoto,-1.195,5,91,"{""avg_sig_str_defense"": 0.495, ""avg_td_defense"": 0.56, ""avg_sig_str_absorbed_per_15"": 73.607, ""avg_td_absorbed_per_15"": 4.705, ""avg_ctrl_absorbed_seconds_per_15"": 234.081, ""avg_kd_against"": 0.0, ""prior_finish_loss_rate"": 0.0}"
Bantamweight,defense,worst,3,Brian Kelleher,-1.162,17,658,"{""avg_sig_str_defense"": 0.548, ""avg_td_defense"": 0.513, ""avg_sig_str_absorbed_per_15"": 66.045, ""avg_td_absorbed_per_15"": 3.82, ""avg_ctrl_absorbed_seconds_per_15"": 192.622, ""avg_kd_against"": 0.176, ""prior_finish_loss_rate"": 0.412}"
Bantamweight,defense,worst,4,Aoriqileng,-1.145,8,203,"{""avg_sig_str_defense"": 0.467, ""avg_td_defense"": 0.656, ""avg_sig_str_absorbed_per_15"": 77.003, ""avg_td_absorbed_per_15"": 1.875, ""avg_ctrl_absorbed_seconds_per_15"": 196.854, ""avg_kd_against"": 0.375, ""prior_finish_loss_rate"": 0.125}"
Bantamweight,defense,worst,5,Chad Anheliger,-1.112,5,553,"{""avg_sig_str_defense"": 0.548, ""avg_td_defense"": 0.259, ""avg_sig_str_absorbed_per_15"": 44.126, ""avg_td_absorbed_per_15"": 3.288, ""avg_ctrl_absorbed_seconds_per_15"": 327.324, ""avg_kd_against"": 0.0, ""prior_finish_loss_rate"": 0.2}"
Bantamweight,elo,best,1,Merab Dvalishvili,1678.072,17,154,"{""prior_elo"": 1678.072, ""prior_peak_elo"": 1696.979, ""prior_win_rate"": 0.824, ""prior_fights"": 17}"
Bantamweight,elo,best,2,Petr Yan,1652.043,16,154,"{""prior_elo"": 1652.043, ""prior_peak_elo"": 1652.043, ""prior_win_rate"": 0.75, ""prior_fights"": 16}"
Bantamweight,elo,best,3,Sean O'Malley,1639.236,14,105,"{""prior_elo"": 1639.236, ""prior_peak_elo"": 1654.393, ""prior_win_rate"": 0.786, ""prior_fights"": 14}"
Bantamweight,elo,best,4,Cory Sandhagen,1628.499,16,217,"{""prior_elo"": 1628.499, ""prior_peak_elo"": 1642.657, ""prior_win_rate"": 0.688, ""prior_fights"": 16}"
Bantamweight,elo,best,5,Umar Nurmagomedov,1623.259,9,105,"{""prior_elo"": 1623.259, ""prior_peak_elo"": 1623.259, ""prior_win_rate"": 0.889, ""prior_fights"": 9}"
Bantamweight,elo,worst,1,Vince Morales,1425.596,12,7,"{""prior_elo"": 1425.596, ""prior_peak_elo"": 1506.552, ""prior_win_rate"": 0.25, ""prior_fights"": 12}"
Bantamweight,elo,worst,2,Cody Gibson,1447.645,10,203,"{""prior_elo"": 1447.645, ""prior_peak_elo"": 1506.233, ""prior_win_rate"": 0.3, ""prior_fights"": 10}"
Bantamweight,elo,worst,3,Johnny Munoz,1465.694,6,945,"{""prior_elo"": 1465.694, ""prior_peak_elo"": 1499.964, ""prior_win_rate"": 0.333, ""prior_fights"": 6}"
Bantamweight,elo,worst,4,Ode Osbourne,1471.294,12,273,"{""prior_elo"": 1471.294, ""prior_peak_elo"": 1517.386, ""prior_win_rate"": 0.417, ""prior_fights"": 12}"
Bantamweight,elo,worst,5,Brad Katona,1474.193,9,364,"{""prior_elo"": 1474.193, ""prior_peak_elo"": 1530.938, ""prior_win_rate"": 0.444, ""prior_fights"": 9}"
Bantamweight,experience,best,1,Marlon Vera,26.0,26,70,"{""prior_fights"": 26, ""prior_wins"": 15, ""prior_losses"": 11, ""prior_win_rate"": 0.577}"
Bantamweight,experience,best,2,Rob Font,21.0,21,63,"{""prior_fights"": 21, ""prior_wins"": 12, ""prior_losses"": 9, ""prior_win_rate"": 0.571}"
Bantamweight,experience,best,3,Pedro Munhoz,20.0,20,553,"{""prior_fights"": 20, ""prior_wins"": 10, ""prior_losses"": 10, ""prior_win_rate"": 0.5}"
Bantamweight,experience,best,4,Deiveson Figueiredo,20.0,20,105,"{""prior_fights"": 20, ""prior_wins"": 14, ""prior_losses"": 6, ""prior_win_rate"": 0.7}"
Bantamweight,experience,best,5,Rani Yahya,19.0,19,742,"{""prior_fights"": 19, ""prior_wins"": 13, ""prior_losses"": 6, ""prior_win_rate"": 0.684}"
Bantamweight,experience,worst,1,Marcus McGhee,5.0,5,287,"{""prior_fights"": 5, ""prior_wins"": 4, ""prior_losses"": 1, ""prior_win_rate"": 0.8}"
Bantamweight,experience,worst,2,Jean Matsumoto,5.0,5,91,"{""prior_fights"": 5, ""prior_wins"": 3, ""prior_losses"": 2, ""prior_win_rate"": 0.6}"
Bantamweight,experience,worst,3,Vinicius Oliveira,5.0,5,91,"{""prior_fights"": 5, ""prior_wins"": 4, ""prior_losses"": 1, ""prior_win_rate"": 0.8}"
Bantamweight,experience,worst,4,Muin Gafurov,5.0,5,91,"{""prior_fights"": 5, ""prior_wins"": 2, ""prior_losses"": 3, ""prior_win_rate"": 0.4}"
Bantamweight,experience,worst,5,Rinya Nakamura,5.0,5,280,"{""prior_fights"": 5, ""prior_wins"": 4, ""prior_losses"": 1, ""prior_win_rate"": 0.8}"
Bantamweight,reach,best,1,Montel Jackson,75.0,13,14,"{""height_inches"": 70.0, ""reach_inches"": 75.0, ""reach_minus_height_inches"": 5.0}"
Bantamweight,reach,best,2,Kyung Ho Kang,73.0,13,686,"{""height_inches"": 69.0, ""reach_inches"": 73.0, ""reach_minus_height_inches"": 4.0}"
Bantamweight,reach,best,3,Ode Osbourne,73.0,12,273,"{""height_inches"": 67.0, ""reach_inches"": 73.0, ""reach_minus_height_inches"": 6.0}"
Bantamweight,reach,best,4,Taylor Lapilus,73.0,8,588,"{""height_inches"": 66.0, ""reach_inches"": 73.0, ""reach_minus_height_inches"": 7.0}"
Bantamweight,reach,best,5,Da'Mon Blackshear,72.0,9,287,"{""height_inches"": 70.0, ""reach_inches"": 72.0, ""reach_minus_height_inches"": 2.0}"
Bantamweight,reach,worst,1,Henry Cejudo,64.0,16,154,"{""height_inches"": 64.0, ""reach_inches"": 64.0, ""reach_minus_height_inches"": 0.0}"
Bantamweight,reach,worst,2,Cody Stamann,64.0,14,546,"{""height_inches"": 66.0, ""reach_inches"": 64.0, ""reach_minus_height_inches"": -2.0}"
Bantamweight,reach,worst,3,Brad Katona,64.0,9,364,"{""height_inches"": 66.0, ""reach_inches"": 64.0, ""reach_minus_height_inches"": -2.0}"
Bantamweight,reach,worst,4,Chad Anheliger,64.0,5,553,"{""height_inches"": 66.0, ""reach_inches"": 64.0, ""reach_minus_height_inches"": -2.0}"
Bantamweight,reach,worst,5,Pedro Munhoz,65.0,20,553,"{""height_inches"": 66.0, ""reach_inches"": 65.0, ""reach_minus_height_inches"": -1.0}"
Bantamweight,reach_for_size,best,1,Taylor Lapilus,7.0,8,588,"{""height_inches"": 66.0, ""reach_inches"": 73.0, ""reach_minus_height_inches"": 7.0}"
Bantamweight,reach_for_size,best,2,Ode Osbourne,6.0,12,273,"{""height_inches"": 67.0, ""reach_inches"": 73.0, ""reach_minus_height_inches"": 6.0}"
Bantamweight,reach_for_size,best,3,Montel Jackson,5.0,13,14,"{""height_inches"": 70.0, ""reach_inches"": 75.0, ""reach_minus_height_inches"": 5.0}"
Bantamweight,reach_for_size,best,4,Kyung Ho Kang,4.0,13,686,"{""height_inches"": 69.0, ""reach_inches"": 73.0, ""reach_minus_height_inches"": 4.0}"
Bantamweight,reach_for_size,best,5,Garrett Armfield,4.0,5,553,"{""height_inches"": 66.0, ""reach_inches"": 70.0, ""reach_minus_height_inches"": 4.0}"
Bantamweight,reach_for_size,worst,1,Cody Garbrandt,-3.0,17,63,"{""height_inches"": 68.0, ""reach_inches"": 65.0, ""reach_minus_height_inches"": -3.0}"
Bantamweight,reach_for_size,worst,2,Cody Stamann,-2.0,14,546,"{""height_inches"": 66.0, ""reach_inches"": 64.0, ""reach_minus_height_inches"": -2.0}"
Bantamweight,reach_for_size,worst,3,Chris Gutierrez,-2.0,14,217,"{""height_inches"": 69.0, ""reach_inches"": 67.0, ""reach_minus_height_inches"": -2.0}"
Bantamweight,reach_for_size,worst,4,Brad Katona,-2.0,9,364,"{""height_inches"": 66.0, ""reach_inches"": 64.0, ""reach_minus_height_inches"": -2.0}"
Bantamweight,reach_for_size,worst,5,Chad Anheliger,-2.0,5,553,"{""height_inches"": 66.0, ""reach_inches"": 64.0, ""reach_minus_height_inches"": -2.0}"
Featherweight,overall,best,1,Steve Garcia,1.659,10,189,"{""prior_elo"": 1613.386, ""prior_win_rate"": 0.8, ""recent_5_win_rate"": 1.0, ""avg_sig_str_differential_per_15"": 61.836, ""prior_finish_win_rate"": 0.7}"
Featherweight,overall,best,2,Alexander Volkanovski,1.651,18,98,"{""prior_elo"": 1684.871, ""prior_win_rate"": 0.833, ""recent_5_win_rate"": 0.6, ""avg_sig_str_differential_per_15"": 38.049, ""prior_finish_win_rate"": 0.278}"
Featherweight,overall,best,3,Movsar Evloev,1.614,10,49,"{""prior_elo"": 1655.723, ""prior_win_rate"": 1.0, ""recent_5_win_rate"": 1.0, ""avg_sig_str_differential_per_15"": 17.82, ""prior_finish_win_rate"": 0.0}"
Featherweight,overall,best,4,Aljamain Sterling,1.514,23,14,"{""prior_elo"": 1681.178, ""prior_win_rate"": 0.783, ""recent_5_win_rate"": 0.6, ""avg_sig_str_differential_per_15"": 29.417, ""prior_finish_win_rate"": 0.261}"
Featherweight,overall,best,5,Lerone Murphy,1.347,10,49,"{""prior_elo"": 1628.256, ""prior_win_rate"": 0.9, ""recent_5_win_rate"": 0.8, ""avg_sig_str_differential_per_15"": 20.667, ""prior_finish_win_rate"": 0.3}"
Featherweight,overall,worst,1,Dennis Buzukja,-1.592,5,21,"{""prior_elo"": 1455.373, ""prior_win_rate"": 0.2, ""recent_5_win_rate"": 0.2, ""avg_sig_str_differential_per_15"": -35.502, ""prior_finish_win_rate"": 0.2}"
Featherweight,overall,worst,2,Shane Young,-1.44,7,973,"{""prior_elo"": 1453.145, ""prior_win_rate"": 0.286, ""recent_5_win_rate"": 0.2, ""avg_sig_str_differential_per_15"": -8.933, ""prior_finish_win_rate"": 0.143}"
Featherweight,overall,worst,3,Ricky Turcios,-1.361,6,63,"{""prior_elo"": 1462.001, ""prior_win_rate"": 0.333, ""recent_5_win_rate"": 0.2, ""avg_sig_str_differential_per_15"": 2.112, ""prior_finish_win_rate"": 0.0}"
Featherweight,overall,worst,4,Lucas Almeida,-1.348,6,210,"{""prior_elo"": 1468.586, ""prior_win_rate"": 0.333, ""recent_5_win_rate"": 0.2, ""avg_sig_str_differential_per_15"": -36.573, ""prior_finish_win_rate"": 0.167}"
Featherweight,overall,worst,5,SeungWoo Choi,-1.332,11,420,"{""prior_elo"": 1454.636, ""prior_win_rate"": 0.364, ""recent_5_win_rate"": 0.2, ""avg_sig_str_differential_per_15"": 0.077, ""prior_finish_win_rate"": 0.091}"
Featherweight,striking,best,1,Dooho Choi,1.875,8,518,"{""avg_sig_str_differential_per_15"": 74.488, ""avg_sig_str_landed_per_15"": 131.309, ""avg_sig_str_absorbed_per_15"": 56.821, ""avg_sig_str_accuracy"": 0.586, ""avg_sig_str_defense"": 0.633, ""avg_kd_for"": 0.5, ""avg_kd_against"": 0.375}"
Featherweight,striking,best,2,Hyder Amil,1.863,5,182,"{""avg_sig_str_differential_per_15"": 87.976, ""avg_sig_str_landed_per_15"": 202.394, ""avg_sig_str_absorbed_per_15"": 114.418, ""avg_sig_str_accuracy"": 0.552, ""avg_sig_str_defense"": 0.484, ""avg_kd_for"": 0.2, ""avg_kd_against"": 0.2}"
Featherweight,striking,best,3,Chan Sung Jung,1.741,12,987,"{""avg_sig_str_differential_per_15"": 85.273, ""avg_sig_str_landed_per_15"": 143.609, ""avg_sig_str_absorbed_per_15"": 58.336, ""avg_sig_str_accuracy"": 0.454, ""avg_sig_str_defense"": 0.587, ""avg_kd_for"": 0.333, ""avg_kd_against"": 0.5}"
Featherweight,striking,best,4,Steve Garcia,1.45,10,189,"{""avg_sig_str_differential_per_15"": 61.836, ""avg_sig_str_landed_per_15"": 102.937, ""avg_sig_str_absorbed_per_15"": 41.101, ""avg_sig_str_accuracy"": 0.53, ""avg_sig_str_defense"": 0.547, ""avg_kd_for"": 0.8, ""avg_kd_against"": 0.5}"
Featherweight,striking,best,5,Jamall Emmers,1.106,9,182,"{""avg_sig_str_differential_per_15"": 45.662, ""avg_sig_str_landed_per_15"": 100.839, ""avg_sig_str_absorbed_per_15"": 55.176, ""avg_sig_str_accuracy"": 0.53, ""avg_sig_str_defense"": 0.613, ""avg_kd_for"": 0.333, ""avg_kd_against"": 0.111}"
Featherweight,striking,worst,1,Dennis Buzukja,-1.592,5,21,"{""avg_sig_str_differential_per_15"": -35.502, ""avg_sig_str_landed_per_15"": 67.89, ""avg_sig_str_absorbed_per_15"": 103.392, ""avg_sig_str_accuracy"": 0.409, ""avg_sig_str_defense"": 0.484, ""avg_kd_for"": 0.2, ""avg_kd_against"": 0.6}"
Featherweight,striking,worst,2,Lucas Almeida,-1.588,6,210,"{""avg_sig_str_differential_per_15"": -36.573, ""avg_sig_str_landed_per_15"": 62.222, ""avg_sig_str_absorbed_per_15"": 98.794, ""avg_sig_str_accuracy"": 0.415, ""avg_sig_str_defense"": 0.418, ""avg_kd_for"": 0.5, ""avg_kd_against"": 0.667}"
Featherweight,striking,worst,3,Herbert Burns,-1.472,6,630,"{""avg_sig_str_differential_per_15"": -28.636, ""avg_sig_str_landed_per_15"": 32.988, ""avg_sig_str_absorbed_per_15"": 61.623, ""avg_sig_str_accuracy"": 0.461, ""avg_sig_str_defense"": 0.429, ""avg_kd_for"": 0.167, ""avg_kd_against"": 0.667}"
Featherweight,striking,worst,4,Nate Landwehr,-1.154,11,28,"{""avg_sig_str_differential_per_15"": -18.257, ""avg_sig_str_landed_per_15"": 84.677, ""avg_sig_str_absorbed_per_15"": 102.934, ""avg_sig_str_accuracy"": 0.472, ""avg_sig_str_defense"": 0.483, ""avg_kd_for"": 0.091, ""avg_kd_against"": 0.636}"
Featherweight,striking,worst,5,Ricardo Ramos,-0.966,15,210,"{""avg_sig_str_differential_per_15"": -16.193, ""avg_sig_str_landed_per_15"": 37.552, ""avg_sig_str_absorbed_per_15"": 53.745, ""avg_sig_str_accuracy"": 0.33, ""avg_sig_str_defense"": 0.486, ""avg_kd_for"": 0.2, ""avg_kd_against"": 0.133}"
Featherweight,grappling,best,1,Movsar Evloev,1.238,10,49,"{""avg_td_landed_per_15"": 4.74, ""avg_td_accuracy"": 0.611, ""avg_td_defense"": 0.742, ""avg_ctrl_seconds_per_15"": 333.24, ""avg_sub_att_per_15"": 0.2, ""avg_td_absorbed_per_15"": 1.4, ""avg_ctrl_absorbed_seconds_per_15"": 72.7}"
Featherweight,grappling,best,2,Jordan Leavitt,1.193,9,77,"{""avg_td_landed_per_15"": 9.121, ""avg_td_accuracy"": 0.282, ""avg_td_defense"": 0.188, ""avg_ctrl_seconds_per_15"": 356.301, ""avg_sub_att_per_15"": 1.716, ""avg_td_absorbed_per_15"": 1.005, ""avg_ctrl_absorbed_seconds_per_15"": 167.307}"
Featherweight,grappling,best,3,Pat Sabatini,1.142,11,0,"{""avg_td_landed_per_15"": 3.43, ""avg_td_accuracy"": 0.375, ""avg_td_defense"": 0.35, ""avg_ctrl_seconds_per_15"": 507.736, ""avg_sub_att_per_15"": 2.436, ""avg_td_absorbed_per_15"": 1.458, ""avg_ctrl_absorbed_seconds_per_15"": 116.242}"
Featherweight,grappling,best,4,Herbert Burns,1.124,6,630,"{""avg_td_landed_per_15"": 4.404, ""avg_td_accuracy"": 0.579, ""avg_td_defense"": 0.5, ""avg_ctrl_seconds_per_15"": 264.327, ""avg_sub_att_per_15"": 3.527, ""avg_td_absorbed_per_15"": 0.626, ""avg_ctrl_absorbed_seconds_per_15"": 296.799}"
Featherweight,grappling,best,5,Joanderson Brito,1.058,9,147,"{""avg_td_landed_per_15"": 4.04, ""avg_td_accuracy"": 0.81, ""avg_td_defense"": 0.525, ""avg_ctrl_seconds_per_15"": 372.739, ""avg_sub_att_per_15"": 1.562, ""avg_td_absorbed_per_15"": 1.298, ""avg_ctrl_absorbed_seconds_per_15"": 250.767}"
Featherweight,grappling,worst,1,Josh Culibao,-1.333,7,630,"{""avg_td_landed_per_15"": 0.0, ""avg_td_accuracy"": 0.0, ""avg_td_defense"": 0.552, ""avg_ctrl_seconds_per_15"": 41.671, ""avg_sub_att_per_15"": 0.448, ""avg_td_absorbed_per_15"": 1.571, ""avg_ctrl_absorbed_seconds_per_15"": 291.337}"
Featherweight,grappling,worst,2,Ricky Turcios,-1.276,6,63,"{""avg_td_landed_per_15"": 0.833, ""avg_td_accuracy"": 0.202, ""avg_td_defense"": 0.419, ""avg_ctrl_seconds_per_15"": 175.441, ""avg_sub_att_per_15"": 0.506, ""avg_td_absorbed_per_15"": 3.857, ""avg_ctrl_absorbed_seconds_per_15"": 279.37}"
Featherweight,grappling,worst,3,Lucas Almeida,-1.27,6,210,"{""avg_td_landed_per_15"": 0.0, ""avg_td_accuracy"": 0.0, ""avg_td_defense"": 0.533, ""avg_ctrl_seconds_per_15"": 41.125, ""avg_sub_att_per_15"": 0.0, ""avg_td_absorbed_per_15"": 1.235, ""avg_ctrl_absorbed_seconds_per_15"": 229.706}"
Featherweight,grappling,worst,4,Shane Young,-1.216,7,973,"{""avg_td_landed_per_15"": 0.507, ""avg_td_accuracy"": 0.28, ""avg_td_defense"": 0.5, ""avg_ctrl_seconds_per_15"": 57.626, ""avg_sub_att_per_15"": 0.0, ""avg_td_absorbed_per_15"": 3.322, ""avg_ctrl_absorbed_seconds_per_15"": 173.523}"
Featherweight,grappling,worst,5,Dennis Buzukja,-1.1,5,21,"{""avg_td_landed_per_15"": 0.0, ""avg_td_accuracy"": 0.0, ""avg_td_defense"": 0.567, ""avg_ctrl_seconds_per_15"": 33.626, ""avg_sub_att_per_15"": 0.0, ""avg_td_absorbed_per_15"": 1.289, ""avg_ctrl_absorbed_seconds_per_15"": 158.196}"
Featherweight,wrestling,best,1,Jordan Leavitt,1.887,9,77,"{""avg_td_landed_per_15"": 9.121, ""avg_td_attempted_per_15"": 20.959, ""avg_td_accuracy"": 0.282, ""avg_td_defense"": 0.188, ""avg_ctrl_seconds_per_15"": 356.301, ""avg_td_absorbed_per_15"": 1.005}"
Featherweight,wrestling,best,2,Movsar Evloev,1.492,10,49,"{""avg_td_landed_per_15"": 4.74, ""avg_td_attempted_per_15"": 9.3, ""avg_td_accuracy"": 0.611, ""avg_td_defense"": 0.742, ""avg_ctrl_seconds_per_15"": 333.24, ""avg_td_absorbed_per_15"": 1.4}"
Featherweight,wrestling,best,3,Joanderson Brito,1.218,9,147,"{""avg_td_landed_per_15"": 4.04, ""avg_td_attempted_per_15"": 5.04, ""avg_td_accuracy"": 0.81, ""avg_td_defense"": 0.525, ""avg_ctrl_seconds_per_15"": 372.739, ""avg_td_absorbed_per_15"": 1.298}"
Featherweight,wrestling,best,4,Herbert Burns,1.053,6,630,"{""avg_td_landed_per_15"": 4.404, ""avg_td_attempted_per_15"": 8.793, ""avg_td_accuracy"": 0.579, ""avg_td_defense"": 0.5, ""avg_ctrl_seconds_per_15"": 264.327, ""avg_td_absorbed_per_15"": 0.626}"
Featherweight,wrestling,best,5,Pat Sabatini,0.939,11,0,"{""avg_td_landed_per_15"": 3.43, ""avg_td_attempted_per_15"": 11.055, ""avg_td_accuracy"": 0.375, ""avg_td_defense"": 0.35, ""avg_ctrl_seconds_per_15"": 507.736, ""avg_td_absorbed_per_15"": 1.458}"
Featherweight,wrestling,worst,1,Lucas Almeida,-1.174,6,210,"{""avg_td_landed_per_15"": 0.0, ""avg_td_attempted_per_15"": 0.167, ""avg_td_accuracy"": 0.0, ""avg_td_defense"": 0.533, ""avg_ctrl_seconds_per_15"": 41.125, ""avg_td_absorbed_per_15"": 1.235}"
Featherweight,wrestling,worst,2,Josh Culibao,-1.164,7,630,"{""avg_td_landed_per_15"": 0.0, ""avg_td_attempted_per_15"": 1.802, ""avg_td_accuracy"": 0.0, ""avg_td_defense"": 0.552, ""avg_ctrl_seconds_per_15"": 41.671, ""avg_td_absorbed_per_15"": 1.571}"
Featherweight,wrestling,worst,3,Dennis Buzukja,-1.151,5,21,"{""avg_td_landed_per_15"": 0.0, ""avg_td_attempted_per_15"": 0.4, ""avg_td_accuracy"": 0.0, ""avg_td_defense"": 0.567, ""avg_ctrl_seconds_per_15"": 33.626, ""avg_td_absorbed_per_15"": 1.289}"
Featherweight,wrestling,worst,4,Shane Young,-1.14,7,973,"{""avg_td_landed_per_15"": 0.507, ""avg_td_attempted_per_15"": 2.68, ""avg_td_accuracy"": 0.28, ""avg_td_defense"": 0.5, ""avg_ctrl_seconds_per_15"": 57.626, ""avg_td_absorbed_per_15"": 3.322}"
Featherweight,wrestling,worst,5,Hakeem Dawodu,-1.023,10,1001,"{""avg_td_landed_per_15"": 0.0, ""avg_td_attempted_per_15"": 0.2, ""avg_td_accuracy"": 0.0, ""avg_td_defense"": 0.648, ""avg_ctrl_seconds_per_15"": 79.581, ""avg_td_absorbed_per_15"": 1.7}"
Featherweight,finishing,best,1,Jean Silva,2.056,7,105,"{""prior_finish_win_rate"": 0.714, ""avg_kd_for"": 0.714, ""avg_sub_att_per_15"": 0.725, ""prior_win_rate"": 0.857}"
Featherweight,finishing,best,2,Steve Garcia,1.974,10,189,"{""prior_finish_win_rate"": 0.7, ""avg_kd_for"": 0.8, ""avg_sub_att_per_15"": 0.349, ""prior_win_rate"": 0.8}"
Featherweight,finishing,best,3,Diego Lopes,1.555,9,98,"{""prior_finish_win_rate"": 0.444, ""avg_kd_for"": 0.556, ""avg_sub_att_per_15"": 3.617, ""prior_win_rate"": 0.667}"
Featherweight,finishing,best,4,Dooho Choi,1.383,8,518,"{""prior_finish_win_rate"": 0.625, ""avg_kd_for"": 0.5, ""avg_sub_att_per_15"": 0.652, ""prior_win_rate"": 0.625}"
Featherweight,finishing,best,5,Joanderson Brito,0.993,9,147,"{""prior_finish_win_rate"": 0.556, ""avg_kd_for"": 0.111, ""avg_sub_att_per_15"": 1.562, ""prior_win_rate"": 0.667}"
Featherweight,finishing,worst,1,Ricky Turcios,-1.237,6,63,"{""prior_finish_win_rate"": 0.0, ""avg_kd_for"": 0.167, ""avg_sub_att_per_15"": 0.506, ""prior_win_rate"": 0.333}"
Featherweight,finishing,worst,2,Austin Lingo,-1.075,5,1029,"{""prior_finish_win_rate"": 0.0, ""avg_kd_for"": 0.4, ""avg_sub_att_per_15"": 0.0, ""prior_win_rate"": 0.4}"
Featherweight,finishing,worst,3,Movsar Evloev,-1.071,10,49,"{""prior_finish_win_rate"": 0.0, ""avg_kd_for"": 0.0, ""avg_sub_att_per_15"": 0.2, ""prior_win_rate"": 1.0}"
Featherweight,finishing,worst,4,Shane Young,-0.935,7,973,"{""prior_finish_win_rate"": 0.143, ""avg_kd_for"": 0.143, ""avg_sub_att_per_15"": 0.0, ""prior_win_rate"": 0.286}"
Featherweight,finishing,worst,5,Hakeem Dawodu,-0.928,10,1001,"{""prior_finish_win_rate"": 0.1, ""avg_kd_for"": 0.1, ""avg_sub_att_per_15"": 0.0, ""prior_win_rate"": 0.6}"
Featherweight,defense,best,1,Julio Arce,1.518,10,770,"{""avg_sig_str_defense"": 0.672, ""avg_td_defense"": 0.985, ""avg_sig_str_absorbed_per_15"": 47.019, ""avg_td_absorbed_per_15"": 0.1, ""avg_ctrl_absorbed_seconds_per_15"": 110.814, ""avg_kd_against"": 0.4, ""prior_finish_loss_rate"": 0.1}"
Featherweight,defense,best,2,Sean Woodson,1.071,9,392,"{""avg_sig_str_defense"": 0.629, ""avg_td_defense"": 0.902, ""avg_sig_str_absorbed_per_15"": 60.153, ""avg_td_absorbed_per_15"": 0.726, ""avg_ctrl_absorbed_seconds_per_15"": 125.523, ""avg_kd_against"": 0.0, ""prior_finish_loss_rate"": 0.222}"
Featherweight,defense,best,3,Movsar Evloev,1.022,10,49,"{""avg_sig_str_defense"": 0.594, ""avg_td_defense"": 0.742, ""avg_sig_str_absorbed_per_15"": 41.24, ""avg_td_absorbed_per_15"": 1.4, ""avg_ctrl_absorbed_seconds_per_15"": 72.7, ""avg_kd_against"": 0.0, ""prior_finish_loss_rate"": 0.0}"
Featherweight,defense,best,4,Arnold Allen,0.987,14,105,"{""avg_sig_str_defense"": 0.624, ""avg_td_defense"": 0.771, ""avg_sig_str_absorbed_per_15"": 45.289, ""avg_td_absorbed_per_15"": 1.619, ""avg_ctrl_absorbed_seconds_per_15"": 124.898, ""avg_kd_against"": 0.0, ""prior_finish_loss_rate"": 0.0}"
Featherweight,defense,best,5,Jamall Emmers,0.883,9,182,"{""avg_sig_str_defense"": 0.613, ""avg_td_defense"": 0.75, ""avg_sig_str_absorbed_per_15"": 55.176, ""avg_td_absorbed_per_15"": 0.924, ""avg_ctrl_absorbed_seconds_per_15"": 51.653, ""avg_kd_against"": 0.111, ""prior_finish_loss_rate"": 0.222}"
Featherweight,defense,worst,1,Lucas Almeida,-1.533,6,210,"{""avg_sig_str_defense"": 0.418, ""avg_td_defense"": 0.533, ""avg_sig_str_absorbed_per_15"": 98.794, ""avg_td_absorbed_per_15"": 1.235, ""avg_ctrl_absorbed_seconds_per_15"": 229.706, ""avg_kd_against"": 0.667, ""prior_finish_loss_rate"": 0.5}"
Featherweight,defense,worst,2,Herbert Burns,-1.331,6,630,"{""avg_sig_str_defense"": 0.429, ""avg_td_defense"": 0.5, ""avg_sig_str_absorbed_per_15"": 61.623, ""avg_td_absorbed_per_15"": 0.626, ""avg_ctrl_absorbed_seconds_per_15"": 296.799, ""avg_kd_against"": 0.667, ""prior_finish_loss_rate"": 0.667}"
Featherweight,defense,worst,3,TJ Brown,-1.28,8,938,"{""avg_sig_str_defense"": 0.47, ""avg_td_defense"": 0.304, ""avg_sig_str_absorbed_per_15"": 51.176, ""avg_td_absorbed_per_15"": 2.449, ""avg_ctrl_absorbed_seconds_per_15"": 259.679, ""avg_kd_against"": 0.375, ""prior_finish_loss_rate"": 0.375}"
Featherweight,defense,worst,4,Ricky Turcios,-1.257,6,63,"{""avg_sig_str_defense"": 0.503, ""avg_td_defense"": 0.419, ""avg_sig_str_absorbed_per_15"": 55.469, ""avg_td_absorbed_per_15"": 3.857, ""avg_ctrl_absorbed_seconds_per_15"": 279.37, ""avg_kd_against"": 0.333, ""prior_finish_loss_rate"": 0.333}"
Featherweight,defense,worst,5,Julian Erosa,-1.059,18,42,"{""avg_sig_str_defense"": 0.48, ""avg_td_defense"": 0.533, ""avg_sig_str_absorbed_per_15"": 106.505, ""avg_td_absorbed_per_15"": 1.618, ""avg_ctrl_absorbed_seconds_per_15"": 109.544, ""avg_kd_against"": 0.556, ""prior_finish_loss_rate"": 0.389}"
Featherweight,elo,best,1,Alexander Volkanovski,1684.871,18,98,"{""prior_elo"": 1684.871, ""prior_peak_elo"": 1705.243, ""prior_win_rate"": 0.833, ""prior_fights"": 18}"
Featherweight,elo,best,2,Aljamain Sterling,1681.178,23,14,"{""prior_elo"": 1681.178, ""prior_peak_elo"": 1687.758, ""prior_win_rate"": 0.783, ""prior_fights"": 23}"
Featherweight,elo,best,3,Movsar Evloev,1655.723,10,49,"{""prior_elo"": 1655.723, ""prior_peak_elo"": 1655.723, ""prior_win_rate"": 1.0, ""prior_fights"": 10}"
Featherweight,elo,best,4,Lerone Murphy,1628.256,10,49,"{""prior_elo"": 1628.256, ""prior_peak_elo"": 1642.717, ""prior_win_rate"": 0.9, ""prior_fights"": 10}"
Featherweight,elo,best,5,Arnold Allen,1613.502,14,105,"{""prior_elo"": 1613.502, ""prior_peak_elo"": 1648.073, ""prior_win_rate"": 0.786, ""prior_fights"": 14}"
Featherweight,elo,worst,1,Shane Young,1453.145,7,973,"{""prior_elo"": 1453.145, ""prior_peak_elo"": 1520.275, ""prior_win_rate"": 0.286, ""prior_fights"": 7}"
Featherweight,elo,worst,2,SeungWoo Choi,1454.636,11,420,"{""prior_elo"": 1454.636, ""prior_peak_elo"": 1521.985, ""prior_win_rate"": 0.364, ""prior_fights"": 11}"
Featherweight,elo,worst,3,Dennis Buzukja,1455.373,5,21,"{""prior_elo"": 1455.373, ""prior_peak_elo"": 1487.61, ""prior_win_rate"": 0.2, ""prior_fights"": 5}"
Featherweight,elo,worst,4,Herbert Burns,1456.483,6,630,"{""prior_elo"": 1456.483, ""prior_peak_elo"": 1536.867, ""prior_win_rate"": 0.333, ""prior_fights"": 6}"
Featherweight,elo,worst,5,Ricky Turcios,1462.001,6,63,"{""prior_elo"": 1462.001, ""prior_peak_elo"": 1513.6, ""prior_win_rate"": 0.333, ""prior_fights"": 6}"
Featherweight,experience,best,1,Darren Elkins,30.0,30,392,"{""prior_fights"": 30, ""prior_wins"": 19, ""prior_losses"": 11, ""prior_win_rate"": 0.633}"
Featherweight,experience,best,2,Alex Caceres,29.0,29,728,"{""prior_fights"": 29, ""prior_wins"": 16, ""prior_losses"": 13, ""prior_win_rate"": 0.552}"
Featherweight,experience,best,3,Cub Swanson,26.0,26,28,"{""prior_fights"": 26, ""prior_wins"": 16, ""prior_losses"": 10, ""prior_win_rate"": 0.615}"
Featherweight,experience,best,4,Andre Fili,25.0,25,56,"{""prior_fights"": 25, ""prior_wins"": 13, ""prior_losses"": 12, ""prior_win_rate"": 0.52}"
Featherweight,experience,best,5,Aljamain Sterling,23.0,23,14,"{""prior_fights"": 23, ""prior_wins"": 18, ""prior_losses"": 5, ""prior_win_rate"": 0.783}"
Featherweight,experience,worst,1,Hyder Amil,5.0,5,182,"{""prior_fights"": 5, ""prior_wins"": 3, ""prior_losses"": 2, ""prior_win_rate"": 0.6}"
Featherweight,experience,worst,2,Dennis Buzukja,5.0,5,21,"{""prior_fights"": 5, ""prior_wins"": 1, ""prior_losses"": 4, ""prior_win_rate"": 0.2}"
Featherweight,experience,worst,3,Melsik Baghdasaryan,5.0,5,441,"{""prior_fights"": 5, ""prior_wins"": 3, ""prior_losses"": 2, ""prior_win_rate"": 0.6}"
Featherweight,experience,worst,4,Austin Lingo,5.0,5,1029,"{""prior_fights"": 5, ""prior_wins"": 2, ""prior_losses"": 3, ""prior_win_rate"": 0.4}"
Featherweight,experience,worst,5,Herbert Burns,6.0,6,630,"{""prior_fights"": 6, ""prior_wins"": 2, ""prior_losses"": 4, ""prior_win_rate"": 0.333}"
Featherweight,reach,best,1,Sean Woodson,78.0,9,392,"{""height_inches"": 74.0, ""reach_inches"": 78.0, ""reach_minus_height_inches"": 4.0}"
Featherweight,reach,best,2,Steve Garcia,75.0,10,189,"{""height_inches"": 72.0, ""reach_inches"": 75.0, ""reach_minus_height_inches"": 3.0}"
Featherweight,reach,best,3,Andre Fili,74.0,25,56,"{""height_inches"": 71.0, ""reach_inches"": 74.0, ""reach_minus_height_inches"": 3.0}"
Featherweight,reach,best,4,SeungWoo Choi,74.0,11,420,"{""height_inches"": 72.0, ""reach_inches"": 74.0, ""reach_minus_height_inches"": 2.0}"
Featherweight,reach,best,5,Jamall Emmers,74.0,9,182,"{""height_inches"": 70.0, ""reach_inches"": 74.0, ""reach_minus_height_inches"": 4.0}"
Featherweight,reach,worst,1,Gavin Tucker,66.0,7,1008,"{""height_inches"": 66.0, ""reach_inches"": 66.0, ""reach_minus_height_inches"": 0.0}"
Featherweight,reach,worst,2,Douglas Silva de Andrade,68.0,14,70,"{""height_inches"": 67.0, ""reach_inches"": 68.0, ""reach_minus_height_inches"": 1.0}"
Featherweight,reach,worst,3,Jack Jenkins,68.0,6,224,"{""height_inches"": 67.0, ""reach_inches"": 68.0, ""reach_minus_height_inches"": 1.0}"
Featherweight,reach,worst,4,Nathaniel Wood,69.0,14,49,"{""height_inches"": 66.0, ""reach_inches"": 69.0, ""reach_minus_height_inches"": 3.0}"
Featherweight,reach,worst,5,Morgan Charriere,69.0,6,147,"{""height_inches"": 68.0, ""reach_inches"": 69.0, ""reach_minus_height_inches"": 1.0}"
Featherweight,reach_for_size,best,1,Chan Sung Jung,5.0,12,987,"{""height_inches"": 67.0, ""reach_inches"": 72.0, ""reach_minus_height_inches"": 5.0}"
Featherweight,reach_for_size,best,2,Hakeem Dawodu,5.0,10,1001,"{""height_inches"": 68.0, ""reach_inches"": 73.0, ""reach_minus_height_inches"": 5.0}"
Featherweight,reach_for_size,best,3,Alexander Volkanovski,5.0,18,98,"{""height_inches"": 66.0, ""reach_inches"": 71.0, ""reach_minus_height_inches"": 5.0}"
Featherweight,reach_for_size,best,4,Movsar Evloev,5.0,10,49,"{""height_inches"": 67.0, ""reach_inches"": 72.0, ""reach_minus_height_inches"": 5.0}"
Featherweight,reach_for_size,best,5,John Castaneda,5.0,8,378,"{""height_inches"": 66.0, ""reach_inches"": 71.0, ""reach_minus_height_inches"": 5.0}"
Featherweight,reach_for_size,worst,1,Jonathan Pearce,-1.0,9,574,"{""height_inches"": 72.0, ""reach_inches"": 71.0, ""reach_minus_height_inches"": -1.0}"
Featherweight,reach_for_size,worst,2,Dooho Choi,0.0,8,518,"{""height_inches"": 70.0, ""reach_inches"": 70.0, ""reach_minus_height_inches"": 0.0}"
Featherweight,reach_for_size,worst,3,Gavin Tucker,0.0,7,1008,"{""height_inches"": 66.0, ""reach_inches"": 66.0, ""reach_minus_height_inches"": 0.0}"
Featherweight,reach_for_size,worst,4,Yair Rodriguez,0.0,15,392,"{""height_inches"": 71.0, ""reach_inches"": 71.0, ""reach_minus_height_inches"": 0.0}"
Featherweight,reach_for_size,worst,5,Billy Quarantillo,0.0,11,511,"{""height_inches"": 70.0, ""reach_inches"": 70.0, ""reach_minus_height_inches"": 0.0}"
Lightweight,overall,best,1,Ilia Topuria,2.232,9,315,"{""prior_elo"": 1680.063, ""prior_win_rate"": 1.0, ""recent_5_win_rate"": 1.0, ""avg_sig_str_differential_per_15"": 21.685, ""prior_finish_win_rate"": 0.778}"
Lightweight,overall,best,2,Quillan Salkilld,1.792,5,7,"{""prior_elo"": 1594.859, ""prior_win_rate"": 1.0, ""recent_5_win_rate"": 1.0, ""avg_sig_str_differential_per_15"": 80.949, ""prior_finish_win_rate"": 0.8}"
Lightweight,overall,best,3,Arman Tsarukyan,1.678,12,168,"{""prior_elo"": 1648.667, ""prior_win_rate"": 0.833, ""recent_5_win_rate"": 1.0, ""avg_sig_str_differential_per_15"": 47.053, ""prior_finish_win_rate"": 0.417}"
Lightweight,overall,best,4,Max Holloway,1.617,32,63,"{""prior_elo"": 1697.807, ""prior_win_rate"": 0.719, ""recent_5_win_rate"": 0.6, ""avg_sig_str_differential_per_15"": 37.353, ""prior_finish_win_rate"": 0.406}"
Lightweight,overall,best,5,Charles Oliveira,1.593,36,63,"{""prior_elo"": 1703.006, ""prior_win_rate"": 0.694, ""recent_5_win_rate"": 0.6, ""avg_sig_str_differential_per_15"": 1.584, ""prior_finish_win_rate"": 0.583}"
Lightweight,overall,worst,1,Kurt Holobaugh,-1.452,9,343,"{""prior_elo"": 1434.298, ""prior_win_rate"": 0.222, ""recent_5_win_rate"": 0.4, ""avg_sig_str_differential_per_15"": 5.65, ""prior_finish_win_rate"": 0.111}"
Lightweight,overall,worst,2,Austin Hubbard,-1.344,12,259,"{""prior_elo"": 1452.114, ""prior_win_rate"": 0.333, ""recent_5_win_rate"": 0.2, ""avg_sig_str_differential_per_15"": -2.201, ""prior_finish_win_rate"": 0.083}"
Lightweight,overall,worst,3,Maheshate,-1.326,6,259,"{""prior_elo"": 1464.547, ""prior_win_rate"": 0.333, ""recent_5_win_rate"": 0.2, ""avg_sig_str_differential_per_15"": -36.729, ""prior_finish_win_rate"": 0.167}"
Lightweight,overall,worst,4,Lando Vannata,-1.32,12,35,"{""prior_elo"": 1449.108, ""prior_win_rate"": 0.333, ""recent_5_win_rate"": 0.2, ""avg_sig_str_differential_per_15"": -0.958, ""prior_finish_win_rate"": 0.167}"
Lightweight,overall,worst,5,Viacheslav Borshchev,-1.179,9,175,"{""prior_elo"": 1460.658, ""prior_win_rate"": 0.333, ""recent_5_win_rate"": 0.2, ""avg_sig_str_differential_per_15"": 5.229, ""prior_finish_win_rate"": 0.222}"
Lightweight,striking,best,1,Terrance McKinney,3.684,13,42,"{""avg_sig_str_differential_per_15"": 175.65, ""avg_sig_str_landed_per_15"": 232.457, ""avg_sig_str_absorbed_per_15"": 56.807, ""avg_sig_str_accuracy"": 0.556, ""avg_sig_str_defense"": 0.4, ""avg_kd_for"": 0.231, ""avg_kd_against"": 0.308}"
Lightweight,striking,best,2,Quillan Salkilld,2.347,5,7,"{""avg_sig_str_differential_per_15"": 80.949, ""avg_sig_str_landed_per_15"": 104.722, ""avg_sig_str_absorbed_per_15"": 23.773, ""avg_sig_str_accuracy"": 0.628, ""avg_sig_str_defense"": 0.624, ""avg_kd_for"": 0.6, ""avg_kd_against"": 0.0}"
Lightweight,striking,best,3,Manuel Torres,1.279,6,154,"{""avg_sig_str_differential_per_15"": 46.843, ""avg_sig_str_landed_per_15"": 101.174, ""avg_sig_str_absorbed_per_15"": 54.331, ""avg_sig_str_accuracy"": 0.635, ""avg_sig_str_defense"": 0.539, ""avg_kd_for"": 0.667, ""avg_kd_against"": 0.333}"
Lightweight,striking,best,4,Arman Tsarukyan,1.138,12,168,"{""avg_sig_str_differential_per_15"": 47.053, ""avg_sig_str_landed_per_15"": 70.639, ""avg_sig_str_absorbed_per_15"": 23.586, ""avg_sig_str_accuracy"": 0.534, ""avg_sig_str_defense"": 0.56, ""avg_kd_for"": 0.25, ""avg_kd_against"": 0.0}"
Lightweight,striking,best,5,King Green,1.111,28,0,"{""avg_sig_str_differential_per_15"": 44.938, ""avg_sig_str_landed_per_15"": 101.712, ""avg_sig_str_absorbed_per_15"": 56.774, ""avg_sig_str_accuracy"": 0.549, ""avg_sig_str_defense"": 0.632, ""avg_kd_for"": 0.214, ""avg_kd_against"": 0.179}"
Lightweight,striking,worst,1,Maheshate,-1.539,6,259,"{""avg_sig_str_differential_per_15"": -36.729, ""avg_sig_str_landed_per_15"": 65.359, ""avg_sig_str_absorbed_per_15"": 102.089, ""avg_sig_str_accuracy"": 0.376, ""avg_sig_str_defense"": 0.52, ""avg_kd_for"": 0.333, ""avg_kd_against"": 0.833}"
Lightweight,striking,worst,2,Kyle Nelson,-1.487,11,42,"{""avg_sig_str_differential_per_15"": -53.248, ""avg_sig_str_landed_per_15"": 61.654, ""avg_sig_str_absorbed_per_15"": 114.902, ""avg_sig_str_accuracy"": 0.485, ""avg_sig_str_defense"": 0.513, ""avg_kd_for"": 0.091, ""avg_kd_against"": 0.091}"
Lightweight,striking,worst,3,Matt Frevola,-1.381,11,203,"{""avg_sig_str_differential_per_15"": -43.409, ""avg_sig_str_landed_per_15"": 73.716, ""avg_sig_str_absorbed_per_15"": 117.125, ""avg_sig_str_accuracy"": 0.403, ""avg_sig_str_defense"": 0.531, ""avg_kd_for"": 0.545, ""avg_kd_against"": 0.545}"
Lightweight,striking,worst,4,Thiago Moises,-1.256,16,21,"{""avg_sig_str_differential_per_15"": -36.531, ""avg_sig_str_landed_per_15"": 33.922, ""avg_sig_str_absorbed_per_15"": 70.453, ""avg_sig_str_accuracy"": 0.46, ""avg_sig_str_defense"": 0.513, ""avg_kd_for"": 0.062, ""avg_kd_against"": 0.312}"
Lightweight,striking,worst,5,Damir Hadzovic,-1.076,10,462,"{""avg_sig_str_differential_per_15"": -37.402, ""avg_sig_str_landed_per_15"": 47.957, ""avg_sig_str_absorbed_per_15"": 85.358, ""avg_sig_str_accuracy"": 0.442, ""avg_sig_str_defense"": 0.547, ""avg_kd_for"": 0.2, ""avg_kd_against"": 0.1}"
Lightweight,grappling,best,1,Terrance McKinney,1.977,13,42,"{""avg_td_landed_per_15"": 2.844, ""avg_td_accuracy"": 0.511, ""avg_td_defense"": 0.792, ""avg_ctrl_seconds_per_15"": 408.827, ""avg_sub_att_per_15"": 4.123, ""avg_td_absorbed_per_15"": 1.192, ""avg_ctrl_absorbed_seconds_per_15"": 71.026}"
Lightweight,grappling,best,2,Mateusz Gamrot,1.787,13,28,"{""avg_td_landed_per_15"": 5.751, ""avg_td_accuracy"": 0.454, ""avg_td_defense"": 0.775, ""avg_ctrl_seconds_per_15"": 308.066, ""avg_sub_att_per_15"": 1.189, ""avg_td_absorbed_per_15"": 0.194, ""avg_ctrl_absorbed_seconds_per_15"": 54.108}"
Lightweight,grappling,best,3,Grant Dawson,1.577,14,0,"{""avg_td_landed_per_15"": 3.353, ""avg_td_accuracy"": 0.434, ""avg_td_defense"": 0.575, ""avg_ctrl_seconds_per_15"": 523.225, ""avg_sub_att_per_15"": 1.301, ""avg_td_absorbed_per_15"": 0.306, ""avg_ctrl_absorbed_seconds_per_15"": 49.008}"
Lightweight,grappling,best,4,Benoit Saint Denis,1.468,12,98,"{""avg_td_landed_per_15"": 3.862, ""avg_td_accuracy"": 0.459, ""avg_td_defense"": 0.75, ""avg_ctrl_seconds_per_15"": 420.724, ""avg_sub_att_per_15"": 1.813, ""avg_td_absorbed_per_15"": 2.139, ""avg_ctrl_absorbed_seconds_per_15"": 91.623}"
Lightweight,grappling,best,5,Arman Tsarukyan,1.079,12,168,"{""avg_td_landed_per_15"": 2.991, ""avg_td_accuracy"": 0.414, ""avg_td_defense"": 0.854, ""avg_ctrl_seconds_per_15"": 380.523, ""avg_sub_att_per_15"": 0.146, ""avg_td_absorbed_per_15"": 0.633, ""avg_ctrl_absorbed_seconds_per_15"": 95.348}"
Lightweight,grappling,worst,1,Viacheslav Borshchev,-2.267,9,175,"{""avg_td_landed_per_15"": 0.0, ""avg_td_accuracy"": 0.0, ""avg_td_defense"": 0.41, ""avg_ctrl_seconds_per_15"": 44.179, ""avg_sub_att_per_15"": 0.111, ""avg_td_absorbed_per_15"": 5.796, ""avg_ctrl_absorbed_seconds_per_15"": 373.394}"
Lightweight,grappling,worst,2,Damir Hadzovic,-1.605,10,462,"{""avg_td_landed_per_15"": 1.469, ""avg_td_accuracy"": 0.472, ""avg_td_defense"": 0.202, ""avg_ctrl_seconds_per_15"": 68.087, ""avg_sub_att_per_15"": 0.1, ""avg_td_absorbed_per_15"": 5.139, ""avg_ctrl_absorbed_seconds_per_15"": 371.857}"
Lightweight,grappling,worst,3,Kurt Holobaugh,-1.54,9,343,"{""avg_td_landed_per_15"": 0.59, ""avg_td_accuracy"": 0.354, ""avg_td_defense"": 0.338, ""avg_ctrl_seconds_per_15"": 125.51, ""avg_sub_att_per_15"": 0.769, ""avg_td_absorbed_per_15"": 5.568, ""avg_ctrl_absorbed_seconds_per_15"": 376.274}"
Lightweight,grappling,worst,4,Trevor Peek,-1.471,5,609,"{""avg_td_landed_per_15"": 1.2, ""avg_td_accuracy"": 0.31, ""avg_td_defense"": 0.42, ""avg_ctrl_seconds_per_15"": 133.232, ""avg_sub_att_per_15"": 0.0, ""avg_td_absorbed_per_15"": 6.008, ""avg_ctrl_absorbed_seconds_per_15"": 319.271}"
Lightweight,grappling,worst,5,Maheshate,-1.462,6,259,"{""avg_td_landed_per_15"": 0.0, ""avg_td_accuracy"": 0.0, ""avg_td_defense"": 0.477, ""avg_ctrl_seconds_per_15"": 4.527, ""avg_sub_att_per_15"": 0.0, ""avg_td_absorbed_per_15"": 1.5, ""avg_ctrl_absorbed_seconds_per_15"": 189.4}"
Lightweight,wrestling,best,1,Mateusz Gamrot,2.188,13,28,"{""avg_td_landed_per_15"": 5.751, ""avg_td_attempted_per_15"": 13.913, ""avg_td_accuracy"": 0.454, ""avg_td_defense"": 0.775, ""avg_ctrl_seconds_per_15"": 308.066, ""avg_td_absorbed_per_15"": 0.194}"
Lightweight,wrestling,best,2,Grant Dawson,1.581,14,0,"{""avg_td_landed_per_15"": 3.353, ""avg_td_attempted_per_15"": 8.985, ""avg_td_accuracy"": 0.434, ""avg_td_defense"": 0.575, ""avg_ctrl_seconds_per_15"": 523.225, ""avg_td_absorbed_per_15"": 0.306}"
Lightweight,wrestling,best,3,Benoit Saint Denis,1.517,12,98,"{""avg_td_landed_per_15"": 3.862, ""avg_td_attempted_per_15"": 10.055, ""avg_td_accuracy"": 0.459, ""avg_td_defense"": 0.75, ""avg_ctrl_seconds_per_15"": 420.724, ""avg_td_absorbed_per_15"": 2.139}"
Lightweight,wrestling,best,4,Arman Tsarukyan,1.347,12,168,"{""avg_td_landed_per_15"": 2.991, ""avg_td_attempted_per_15"": 7.807, ""avg_td_accuracy"": 0.414, ""avg_td_defense"": 0.854, ""avg_ctrl_seconds_per_15"": 380.523, ""avg_td_absorbed_per_15"": 0.633}"
Lightweight,wrestling,best,5,Terrance McKinney,1.257,13,42,"{""avg_td_landed_per_15"": 2.844, ""avg_td_attempted_per_15"": 5.707, ""avg_td_accuracy"": 0.511, ""avg_td_defense"": 0.792, ""avg_ctrl_seconds_per_15"": 408.827, ""avg_td_absorbed_per_15"": 1.192}"
Lightweight,wrestling,worst,1,Viacheslav Borshchev,-1.993,9,175,"{""avg_td_landed_per_15"": 0.0, ""avg_td_attempted_per_15"": 0.111, ""avg_td_accuracy"": 0.0, ""avg_td_defense"": 0.41, ""avg_ctrl_seconds_per_15"": 44.179, ""avg_td_absorbed_per_15"": 5.796}"
Lightweight,wrestling,worst,2,Maheshate,-1.439,6,259,"{""avg_td_landed_per_15"": 0.0, ""avg_td_attempted_per_15"": 1.823, ""avg_td_accuracy"": 0.0, ""avg_td_defense"": 0.477, ""avg_ctrl_seconds_per_15"": 4.527, ""avg_td_absorbed_per_15"": 1.5}"
Lightweight,wrestling,worst,3,Kurt Holobaugh,-1.299,9,343,"{""avg_td_landed_per_15"": 0.59, ""avg_td_attempted_per_15"": 1.769, ""avg_td_accuracy"": 0.354, ""avg_td_defense"": 0.338, ""avg_ctrl_seconds_per_15"": 125.51, ""avg_td_absorbed_per_15"": 5.568}"
Lightweight,wrestling,worst,4,Damir Hadzovic,-1.121,10,462,"{""avg_td_landed_per_15"": 1.469, ""avg_td_attempted_per_15"": 2.774, ""avg_td_accuracy"": 0.472, ""avg_td_defense"": 0.202, ""avg_ctrl_seconds_per_15"": 68.087, ""avg_td_absorbed_per_15"": 5.139}"
Lightweight,wrestling,worst,5,Ignacio Bahamondes,-1.096,10,42,"{""avg_td_landed_per_15"": 0.0, ""avg_td_attempted_per_15"": 1.404, ""avg_td_accuracy"": 0.0, ""avg_td_defense"": 0.65, ""avg_ctrl_seconds_per_15"": 63.81, ""avg_td_absorbed_per_15"": 1.129}"
Lightweight,finishing,best,1,Manuel Torres,2.051,6,154,"{""prior_finish_win_rate"": 0.833, ""avg_kd_for"": 0.667, ""avg_sub_att_per_15"": 1.415, ""prior_win_rate"": 0.833}"
Lightweight,finishing,best,2,Ilia Topuria,1.977,9,315,"{""prior_finish_win_rate"": 0.778, ""avg_kd_for"": 0.778, ""avg_sub_att_per_15"": 0.76, ""prior_win_rate"": 1.0}"
Lightweight,finishing,best,3,Quillan Salkilld,1.912,5,7,"{""prior_finish_win_rate"": 0.8, ""avg_kd_for"": 0.6, ""avg_sub_att_per_15"": 0.989, ""prior_win_rate"": 1.0}"
Lightweight,finishing,best,4,Benoit Saint Denis,1.623,12,98,"{""prior_finish_win_rate"": 0.75, ""avg_kd_for"": 0.417, ""avg_sub_att_per_15"": 1.813, ""prior_win_rate"": 0.75}"
Lightweight,finishing,best,5,Terrance McKinney,1.505,13,42,"{""prior_finish_win_rate"": 0.615, ""avg_kd_for"": 0.231, ""avg_sub_att_per_15"": 4.123, ""prior_win_rate"": 0.615}"
Lightweight,finishing,worst,1,Guram Kutateladze,-1.168,5,413,"{""prior_finish_win_rate"": 0.0, ""avg_kd_for"": 0.2, ""avg_sub_att_per_15"": 0.0, ""prior_win_rate"": 0.4}"
Lightweight,finishing,worst,2,Bolaji Oki,-1.168,5,56,"{""prior_finish_win_rate"": 0.0, ""avg_kd_for"": 0.2, ""avg_sub_att_per_15"": 0.0, ""prior_win_rate"": 0.4}"
Lightweight,finishing,worst,3,Austin Hubbard,-1.168,12,259,"{""prior_finish_win_rate"": 0.083, ""avg_kd_for"": 0.0, ""avg_sub_att_per_15"": 0.083, ""prior_win_rate"": 0.333}"
Lightweight,finishing,worst,4,Trey Ogden,-1.155,6,483,"{""prior_finish_win_rate"": 0.0, ""avg_kd_for"": 0.0, ""avg_sub_att_per_15"": 0.667, ""prior_win_rate"": 0.5}"
Lightweight,finishing,worst,5,Damir Ismagulov,-1.025,7,1043,"{""prior_finish_win_rate"": 0.0, ""avg_kd_for"": 0.143, ""avg_sub_att_per_15"": 0.0, ""prior_win_rate"": 0.714}"
Lightweight,defense,best,1,Arman Tsarukyan,1.262,12,168,"{""avg_sig_str_defense"": 0.56, ""avg_td_defense"": 0.854, ""avg_sig_str_absorbed_per_15"": 23.586, ""avg_td_absorbed_per_15"": 0.633, ""avg_ctrl_absorbed_seconds_per_15"": 95.348, ""avg_kd_against"": 0.0, ""prior_finish_loss_rate"": 0.0}"
Lightweight,defense,best,2,Ilia Topuria,1.221,9,315,"{""avg_sig_str_defense"": 0.591, ""avg_td_defense"": 0.972, ""avg_sig_str_absorbed_per_15"": 61.327, ""avg_td_absorbed_per_15"": 0.204, ""avg_ctrl_absorbed_seconds_per_15"": 61.584, ""avg_kd_against"": 0.111, ""prior_finish_loss_rate"": 0.0}"
Lightweight,defense,best,3,Mateusz Gamrot,1.149,13,28,"{""avg_sig_str_defense"": 0.619, ""avg_td_defense"": 0.775, ""avg_sig_str_absorbed_per_15"": 36.268, ""avg_td_absorbed_per_15"": 0.194, ""avg_ctrl_absorbed_seconds_per_15"": 54.108, ""avg_kd_against"": 0.385, ""prior_finish_loss_rate"": 0.077}"
Lightweight,defense,best,4,John Makdessi,1.131,20,973,"{""avg_sig_str_defense"": 0.659, ""avg_td_defense"": 0.877, ""avg_sig_str_absorbed_per_15"": 65.608, ""avg_td_absorbed_per_15"": 0.553, ""avg_ctrl_absorbed_seconds_per_15"": 66.823, ""avg_kd_against"": 0.2, ""prior_finish_loss_rate"": 0.15}"
Lightweight,defense,best,5,Mauricio Ruffy,0.96,5,98,"{""avg_sig_str_defense"": 0.598, ""avg_td_defense"": 0.9, ""avg_sig_str_absorbed_per_15"": 50.402, ""avg_td_absorbed_per_15"": 1.134, ""avg_ctrl_absorbed_seconds_per_15"": 121.126, ""avg_kd_against"": 0.0, ""prior_finish_loss_rate"": 0.2}"
Lightweight,defense,worst,1,Kurt Holobaugh,-1.871,9,343,"{""avg_sig_str_defense"": 0.413, ""avg_td_defense"": 0.338, ""avg_sig_str_absorbed_per_15"": 68.697, ""avg_td_absorbed_per_15"": 5.568, ""avg_ctrl_absorbed_seconds_per_15"": 376.274, ""avg_kd_against"": 0.111, ""prior_finish_loss_rate"": 0.333}"
Lightweight,defense,worst,2,Damir Hadzovic,-1.566,10,462,"{""avg_sig_str_defense"": 0.547, ""avg_td_defense"": 0.202, ""avg_sig_str_absorbed_per_15"": 85.358, ""avg_td_absorbed_per_15"": 5.139, ""avg_ctrl_absorbed_seconds_per_15"": 371.857, ""avg_kd_against"": 0.1, ""prior_finish_loss_rate"": 0.3}"
Lightweight,defense,worst,3,Paddy Pimblett,-1.223,8,105,"{""avg_sig_str_defense"": 0.395, ""avg_td_defense"": 0.266, ""avg_sig_str_absorbed_per_15"": 53.891, ""avg_td_absorbed_per_15"": 2.877, ""avg_ctrl_absorbed_seconds_per_15"": 279.054, ""avg_kd_against"": 0.25, ""prior_finish_loss_rate"": 0.0}"
Lightweight,defense,worst,4,Viacheslav Borshchev,-1.136,9,175,"{""avg_sig_str_defense"": 0.527, ""avg_td_defense"": 0.41, ""avg_sig_str_absorbed_per_15"": 58.027, ""avg_td_absorbed_per_15"": 5.796, ""avg_ctrl_absorbed_seconds_per_15"": 373.394, ""avg_kd_against"": 0.111, ""prior_finish_loss_rate"": 0.222}"
Lightweight,defense,worst,5,Matt Frevola,-1.096,11,203,"{""avg_sig_str_defense"": 0.531, ""avg_td_defense"": 0.453, ""avg_sig_str_absorbed_per_15"": 117.125, ""avg_td_absorbed_per_15"": 1.602, ""avg_ctrl_absorbed_seconds_per_15"": 160.319, ""avg_kd_against"": 0.545, ""prior_finish_loss_rate"": 0.364}"
Lightweight,elo,best,1,Charles Oliveira,1703.006,36,63,"{""prior_elo"": 1703.006, ""prior_peak_elo"": 1703.006, ""prior_win_rate"": 0.694, ""prior_fights"": 36}"
Lightweight,elo,best,2,Max Holloway,1697.807,32,63,"{""prior_elo"": 1697.807, ""prior_peak_elo"": 1725.266, ""prior_win_rate"": 0.719, ""prior_fights"": 32}"
Lightweight,elo,best,3,Ilia Topuria,1680.063,9,315,"{""prior_elo"": 1680.063, ""prior_peak_elo"": 1680.063, ""prior_win_rate"": 1.0, ""prior_fights"": 9}"
Lightweight,elo,best,4,Dustin Poirier,1665.387,31,294,"{""prior_elo"": 1665.387, ""prior_peak_elo"": 1716.753, ""prior_win_rate"": 0.71, ""prior_fights"": 31}"
Lightweight,elo,best,5,Arman Tsarukyan,1648.667,12,168,"{""prior_elo"": 1648.667, ""prior_peak_elo"": 1648.667, ""prior_win_rate"": 0.833, ""prior_fights"": 12}"
Lightweight,elo,worst,1,Kurt Holobaugh,1434.298,9,343,"{""prior_elo"": 1434.298, ""prior_peak_elo"": 1485.474, ""prior_win_rate"": 0.222, ""prior_fights"": 9}"
Lightweight,elo,worst,2,Lando Vannata,1449.108,12,35,"{""prior_elo"": 1449.108, ""prior_peak_elo"": 1512.68, ""prior_win_rate"": 0.333, ""prior_fights"": 12}"
Lightweight,elo,worst,3,Austin Hubbard,1452.114,12,259,"{""prior_elo"": 1452.114, ""prior_peak_elo"": 1508.133, ""prior_win_rate"": 0.333, ""prior_fights"": 12}"
Lightweight,elo,worst,4,Viacheslav Borshchev,1460.658,9,175,"{""prior_elo"": 1460.658, ""prior_peak_elo"": 1519.058, ""prior_win_rate"": 0.333, ""prior_fights"": 9}"
Lightweight,elo,worst,5,Maheshate,1464.547,6,259,"{""prior_elo"": 1464.547, ""prior_peak_elo"": 1520.304, ""prior_win_rate"": 0.333, ""prior_fights"": 6}"
Lightweight,experience,best,1,Jim Miller,46.0,46,0,"{""prior_fights"": 46, ""prior_wins"": 28, ""prior_losses"": 18, ""prior_win_rate"": 0.609}"
Lightweight,experience,best,2,Clay Guida,37.0,37,518,"{""prior_fights"": 37, ""prior_wins"": 18, ""prior_losses"": 19, ""prior_win_rate"": 0.486}"
Lightweight,experience,best,3,Charles Oliveira,36.0,36,63,"{""prior_fights"": 36, ""prior_wins"": 25, ""prior_losses"": 11, ""prior_win_rate"": 0.694}"
Lightweight,experience,best,4,Jeremy Stephens,35.0,35,0,"{""prior_fights"": 35, ""prior_wins"": 15, ""prior_losses"": 20, ""prior_win_rate"": 0.429}"
Lightweight,experience,best,5,Edson Barboza,32.0,32,154,"{""prior_fights"": 32, ""prior_wins"": 18, ""prior_losses"": 14, ""prior_win_rate"": 0.562}"
Lightweight,experience,worst,1,Guram Kutateladze,5.0,5,413,"{""prior_fights"": 5, ""prior_wins"": 2, ""prior_losses"": 3, ""prior_win_rate"": 0.4}"
Lightweight,experience,worst,2,Ottman Azaitar,5.0,5,511,"{""prior_fights"": 5, ""prior_wins"": 2, ""prior_losses"": 3, ""prior_win_rate"": 0.4}"
Lightweight,experience,worst,3,Bolaji Oki,5.0,5,56,"{""prior_fights"": 5, ""prior_wins"": 2, ""prior_losses"": 3, ""prior_win_rate"": 0.4}"
Lightweight,experience,worst,4,Tom Nolan,5.0,5,224,"{""prior_fights"": 5, ""prior_wins"": 4, ""prior_losses"": 1, ""prior_win_rate"": 0.8}"
Lightweight,experience,worst,5,Mauricio Ruffy,5.0,5,98,"{""prior_fights"": 5, ""prior_wins"": 4, ""prior_losses"": 1, ""prior_win_rate"": 0.8}"
Lightweight,reach,best,1,Jai Herbert,77.0,9,21,"{""height_inches"": 73.0, ""reach_inches"": 77.0, ""reach_minus_height_inches"": 4.0}"
Lightweight,reach,best,2,Daniel Zellhuber,77.0,7,70,"{""height_inches"": 73.0, ""reach_inches"": 77.0, ""reach_minus_height_inches"": 4.0}"
Lightweight,reach,best,3,Jalin Turner,77.0,14,154,"{""height_inches"": 75.0, ""reach_inches"": 77.0, ""reach_minus_height_inches"": 2.0}"
Lightweight,reach,best,4,Edson Barboza,75.0,32,154,"{""height_inches"": 71.0, ""reach_inches"": 75.0, ""reach_minus_height_inches"": 4.0}"
Lightweight,reach,best,5,Fares Ziam,75.0,10,154,"{""height_inches"": 73.0, ""reach_inches"": 75.0, ""reach_minus_height_inches"": 2.0}"
Lightweight,reach,worst,1,Mateusz Rebecki,66.0,8,0,"{""height_inches"": 67.0, ""reach_inches"": 66.0, ""reach_minus_height_inches"": -1.0}"
Lightweight,reach,worst,2,John Makdessi,68.0,20,973,"{""height_inches"": 68.0, ""reach_inches"": 68.0, ""reach_minus_height_inches"": 0.0}"
Lightweight,reach,worst,3,Jared Gordon,68.0,17,0,"{""height_inches"": 69.0, ""reach_inches"": 68.0, ""reach_minus_height_inches"": -1.0}"
Lightweight,reach,worst,4,Joaquim Silva,69.0,12,238,"{""height_inches"": 68.0, ""reach_inches"": 69.0, ""reach_minus_height_inches"": 1.0}"
Lightweight,reach,worst,5,Ilia Topuria,69.0,9,315,"{""height_inches"": 67.0, ""reach_inches"": 69.0, ""reach_minus_height_inches"": 2.0}"
Lightweight,reach_for_size,best,1,Diego Ferreira,5.0,17,238,"{""height_inches"": 69.0, ""reach_inches"": 74.0, ""reach_minus_height_inches"": 5.0}"
Lightweight,reach_for_size,best,2,Arman Tsarukyan,5.0,12,168,"{""height_inches"": 67.0, ""reach_inches"": 72.0, ""reach_minus_height_inches"": 5.0}"
Lightweight,reach_for_size,best,3,Ludovit Klein,5.0,11,196,"{""height_inches"": 67.0, ""reach_inches"": 72.0, ""reach_minus_height_inches"": 5.0}"
Lightweight,reach_for_size,best,4,Charles Oliveira,4.0,36,63,"{""height_inches"": 70.0, ""reach_inches"": 74.0, ""reach_minus_height_inches"": 4.0}"
Lightweight,reach_for_size,best,5,Damir Ismagulov,4.0,7,1043,"{""height_inches"": 70.0, ""reach_inches"": 74.0, ""reach_minus_height_inches"": 4.0}"
Lightweight,reach_for_size,worst,1,Max Holloway,-2.0,32,63,"{""height_inches"": 71.0, ""reach_inches"": 69.0, ""reach_minus_height_inches"": -2.0}"
Lightweight,reach_for_size,worst,2,Viacheslav Borshchev,-2.0,9,175,"{""height_inches"": 71.0, ""reach_inches"": 69.0, ""reach_minus_height_inches"": -2.0}"
Lightweight,reach_for_size,worst,3,Tom Nolan,-2.0,5,224,"{""height_inches"": 75.0, ""reach_inches"": 73.0, ""reach_minus_height_inches"": -2.0}"
Lightweight,reach_for_size,worst,4,Justin Gaethje,-1.0,15,105,"{""height_inches"": 71.0, ""reach_inches"": 70.0, ""reach_minus_height_inches"": -1.0}"
Lightweight,reach_for_size,worst,5,Roosevelt Roberts,-1.0,9,588,"{""height_inches"": 74.0, ""reach_inches"": 73.0, ""reach_minus_height_inches"": -1.0}"
Welterweight,overall,best,1,Islam Makhachev,2.279,18,175,"{""prior_elo"": 1750.394, ""prior_win_rate"": 0.944, ""recent_5_win_rate"": 1.0, ""avg_sig_str_differential_per_15"": 17.712, ""prior_finish_win_rate"": 0.611}"
Welterweight,overall,best,2,Michael Morales,1.786,7,175,"{""prior_elo"": 1637.804, ""prior_win_rate"": 1.0, ""recent_5_win_rate"": 1.0, ""avg_sig_str_differential_per_15"": 61.799, ""prior_finish_win_rate"": 0.714}"
Welterweight,overall,best,3,Shavkat Rakhmonov,1.612,7,518,"{""prior_elo"": 1629.156, ""prior_win_rate"": 1.0, ""recent_5_win_rate"": 1.0, ""avg_sig_str_differential_per_15"": 18.346, ""prior_finish_win_rate"": 0.857}"
Welterweight,overall,best,4,Carlos Prates,1.392,8,7,"{""prior_elo"": 1639.265, ""prior_win_rate"": 0.875, ""recent_5_win_rate"": 0.8, ""avg_sig_str_differential_per_15"": 7.062, ""prior_finish_win_rate"": 0.875}"
Welterweight,overall,best,5,Rinat Fakhretdinov,1.368,6,245,"{""prior_elo"": 1594.581, ""prior_win_rate"": 1.0, ""recent_5_win_rate"": 1.0, ""avg_sig_str_differential_per_15"": 83.652, ""prior_finish_win_rate"": 0.333}"
Welterweight,overall,worst,1,Rhys McKee,-1.737,6,245,"{""prior_elo"": 1446.07, ""prior_win_rate"": 0.167, ""recent_5_win_rate"": 0.2, ""avg_sig_str_differential_per_15"": -52.072, ""prior_finish_win_rate"": 0.167}"
Welterweight,overall,worst,2,Francisco Prado,-1.46,6,28,"{""prior_elo"": 1451.591, ""prior_win_rate"": 0.167, ""recent_5_win_rate"": 0.2, ""avg_sig_str_differential_per_15"": 2.361, ""prior_finish_win_rate"": 0.167}"
Welterweight,overall,worst,3,Andre Fialho,-1.385,7,959,"{""prior_elo"": 1457.556, ""prior_win_rate"": 0.286, ""recent_5_win_rate"": 0.2, ""avg_sig_str_differential_per_15"": -33.812, ""prior_finish_win_rate"": 0.286}"
Welterweight,overall,worst,4,Wellington Turman,-1.271,9,889,"{""prior_elo"": 1455.122, ""prior_win_rate"": 0.333, ""recent_5_win_rate"": 0.4, ""avg_sig_str_differential_per_15"": -21.129, ""prior_finish_win_rate"": 0.111}"
Welterweight,overall,worst,5,Preston Parsons,-1.209,6,483,"{""prior_elo"": 1469.806, ""prior_win_rate"": 0.333, ""recent_5_win_rate"": 0.4, ""avg_sig_str_differential_per_15"": -17.145, ""prior_finish_win_rate"": 0.0}"
Welterweight,striking,best,1,Rinat Fakhretdinov,2.509,6,245,"{""avg_sig_str_differential_per_15"": 83.652, ""avg_sig_str_landed_per_15"": 138.056, ""avg_sig_str_absorbed_per_15"": 54.404, ""avg_sig_str_accuracy"": 0.594, ""avg_sig_str_defense"": 0.617, ""avg_kd_for"": 0.333, ""avg_kd_against"": 0.0}"
Welterweight,striking,best,2,Michael Morales,2.015,7,175,"{""avg_sig_str_differential_per_15"": 61.799, ""avg_sig_str_landed_per_15"": 101.775, ""avg_sig_str_absorbed_per_15"": 39.975, ""avg_sig_str_accuracy"": 0.559, ""avg_sig_str_defense"": 0.581, ""avg_kd_for"": 1.0, ""avg_kd_against"": 0.0}"
Welterweight,striking,best,3,Chidi Njokuani,1.837,10,77,"{""avg_sig_str_differential_per_15"": 67.688, ""avg_sig_str_landed_per_15"": 135.53, ""avg_sig_str_absorbed_per_15"": 67.842, ""avg_sig_str_accuracy"": 0.639, ""avg_sig_str_defense"": 0.486, ""avg_kd_for"": 0.3, ""avg_kd_against"": 0.1}"
Welterweight,striking,best,4,Themba Gorimbo,1.612,8,7,"{""avg_sig_str_differential_per_15"": 56.52, ""avg_sig_str_landed_per_15"": 79.83, ""avg_sig_str_absorbed_per_15"": 23.311, ""avg_sig_str_accuracy"": 0.594, ""avg_sig_str_defense"": 0.59, ""avg_kd_for"": 0.25, ""avg_kd_against"": 0.0}"
Welterweight,striking,best,5,Song Kenan,1.363,11,532,"{""avg_sig_str_differential_per_15"": 56.53, ""avg_sig_str_landed_per_15"": 138.574, ""avg_sig_str_absorbed_per_15"": 82.044, ""avg_sig_str_accuracy"": 0.52, ""avg_sig_str_defense"": 0.512, ""avg_kd_for"": 0.455, ""avg_kd_against"": 0.273}"
Welterweight,striking,worst,1,Rhys McKee,-1.852,6,245,"{""avg_sig_str_differential_per_15"": -52.072, ""avg_sig_str_landed_per_15"": 66.856, ""avg_sig_str_absorbed_per_15"": 118.928, ""avg_sig_str_accuracy"": 0.383, ""avg_sig_str_defense"": 0.47, ""avg_kd_for"": 0.5, ""avg_kd_against"": 0.167}"
Welterweight,striking,worst,2,Andre Fialho,-1.611,7,959,"{""avg_sig_str_differential_per_15"": -33.812, ""avg_sig_str_landed_per_15"": 58.596, ""avg_sig_str_absorbed_per_15"": 92.408, ""avg_sig_str_accuracy"": 0.45, ""avg_sig_str_defense"": 0.472, ""avg_kd_for"": 0.286, ""avg_kd_against"": 0.571}"
Welterweight,striking,worst,3,Danny Roberts,-1.41,14,1022,"{""avg_sig_str_differential_per_15"": -21.094, ""avg_sig_str_landed_per_15"": 40.368, ""avg_sig_str_absorbed_per_15"": 61.462, ""avg_sig_str_accuracy"": 0.397, ""avg_sig_str_defense"": 0.47, ""avg_kd_for"": 0.214, ""avg_kd_against"": 0.571}"
Welterweight,striking,worst,4,Niko Price,-1.26,19,42,"{""avg_sig_str_differential_per_15"": -26.572, ""avg_sig_str_landed_per_15"": 66.684, ""avg_sig_str_absorbed_per_15"": 93.256, ""avg_sig_str_accuracy"": 0.42, ""avg_sig_str_defense"": 0.467, ""avg_kd_for"": 0.211, ""avg_kd_against"": 0.211}"
Welterweight,striking,worst,5,Adam Fugitt,-1.184,6,105,"{""avg_sig_str_differential_per_15"": -13.687, ""avg_sig_str_landed_per_15"": 69.381, ""avg_sig_str_absorbed_per_15"": 83.068, ""avg_sig_str_accuracy"": 0.488, ""avg_sig_str_defense"": 0.525, ""avg_kd_for"": 0.0, ""avg_kd_against"": 0.833}"
Welterweight,grappling,best,1,Gabriel Bonfim,2.171,7,182,"{""avg_td_landed_per_15"": 4.152, ""avg_td_accuracy"": 0.751, ""avg_td_defense"": 0.923, ""avg_ctrl_seconds_per_15"": 184.762, ""avg_sub_att_per_15"": 5.04, ""avg_td_absorbed_per_15"": 0.571, ""avg_ctrl_absorbed_seconds_per_15"": 75.267}"
Welterweight,grappling,best,2,Rinat Fakhretdinov,2.0,6,245,"{""avg_td_landed_per_15"": 3.167, ""avg_td_accuracy"": 0.459, ""avg_td_defense"": 0.938, ""avg_ctrl_seconds_per_15"": 432.657, ""avg_sub_att_per_15"": 2.727, ""avg_td_absorbed_per_15"": 0.167, ""avg_ctrl_absorbed_seconds_per_15"": 48.167}"
Welterweight,grappling,best,3,Myktybek Orolbai,1.788,6,56,"{""avg_td_landed_per_15"": 7.872, ""avg_td_accuracy"": 0.557, ""avg_td_defense"": 0.375, ""avg_ctrl_seconds_per_15"": 462.24, ""avg_sub_att_per_15"": 0.817, ""avg_td_absorbed_per_15"": 1.0, ""avg_ctrl_absorbed_seconds_per_15"": 61.256}"
Welterweight,grappling,best,4,Islam Makhachev,1.785,18,175,"{""avg_td_landed_per_15"": 3.03, ""avg_td_accuracy"": 0.607, ""avg_td_defense"": 0.917, ""avg_ctrl_seconds_per_15"": 402.153, ""avg_sub_att_per_15"": 1.656, ""avg_td_absorbed_per_15"": 0.103, ""avg_ctrl_absorbed_seconds_per_15"": 57.398}"
Welterweight,grappling,best,5,Sean Brady,1.503,11,0,"{""avg_td_landed_per_15"": 3.24, ""avg_td_accuracy"": 0.569, ""avg_td_defense"": 0.767, ""avg_ctrl_seconds_per_15"": 383.874, ""avg_sub_att_per_15"": 1.025, ""avg_td_absorbed_per_15"": 0.145, ""avg_ctrl_absorbed_seconds_per_15"": 27.617}"
Welterweight,grappling,worst,1,Joel Alvarez,-1.472,11,0,"{""avg_td_landed_per_15"": 0.091, ""avg_td_accuracy"": 0.333, ""avg_td_defense"": 0.31, ""avg_ctrl_seconds_per_15"": 58.999, ""avg_sub_att_per_15"": 1.809, ""avg_td_absorbed_per_15"": 3.874, ""avg_ctrl_absorbed_seconds_per_15"": 292.496}"
Welterweight,grappling,worst,2,Rhys McKee,-1.432,6,245,"{""avg_td_landed_per_15"": 0.0, ""avg_td_accuracy"": 0.0, ""avg_td_defense"": 0.53, ""avg_ctrl_seconds_per_15"": 104.667, ""avg_sub_att_per_15"": 0.0, ""avg_td_absorbed_per_15"": 2.501, ""avg_ctrl_absorbed_seconds_per_15"": 276.165}"
Welterweight,grappling,worst,3,Phil Rowe,-1.373,9,77,"{""avg_td_landed_per_15"": 0.457, ""avg_td_accuracy"": 0.333, ""avg_td_defense"": 0.481, ""avg_ctrl_seconds_per_15"": 98.621, ""avg_sub_att_per_15"": 0.248, ""avg_td_absorbed_per_15"": 2.743, ""avg_ctrl_absorbed_seconds_per_15"": 392.015}"
Welterweight,grappling,worst,4,Chidi Njokuani,-1.343,10,77,"{""avg_td_landed_per_15"": 0.0, ""avg_td_accuracy"": 0.0, ""avg_td_defense"": 0.585, ""avg_ctrl_seconds_per_15"": 128.095, ""avg_sub_att_per_15"": 0.312, ""avg_td_absorbed_per_15"": 3.118, ""avg_ctrl_absorbed_seconds_per_15"": 257.469}"
Welterweight,grappling,worst,5,Nikolay Veretennikov,-1.17,5,91,"{""avg_td_landed_per_15"": 0.4, ""avg_td_accuracy"": 0.111, ""avg_td_defense"": 0.709, ""avg_ctrl_seconds_per_15"": 72.2, ""avg_sub_att_per_15"": 0.4, ""avg_td_absorbed_per_15"": 2.051, ""avg_ctrl_absorbed_seconds_per_15"": 391.544}"
Welterweight,wrestling,best,1,Myktybek Orolbai,2.429,6,56,"{""avg_td_landed_per_15"": 7.872, ""avg_td_attempted_per_15"": 13.111, ""avg_td_accuracy"": 0.557, ""avg_td_defense"": 0.375, ""avg_ctrl_seconds_per_15"": 462.24, ""avg_td_absorbed_per_15"": 1.0}"
Welterweight,wrestling,best,2,Rinat Fakhretdinov,1.73,6,245,"{""avg_td_landed_per_15"": 3.167, ""avg_td_attempted_per_15"": 8.167, ""avg_td_accuracy"": 0.459, ""avg_td_defense"": 0.938, ""avg_ctrl_seconds_per_15"": 432.657, ""avg_td_absorbed_per_15"": 0.167}"
Welterweight,wrestling,best,3,Islam Makhachev,1.617,18,175,"{""avg_td_landed_per_15"": 3.03, ""avg_td_attempted_per_15"": 5.186, ""avg_td_accuracy"": 0.607, ""avg_td_defense"": 0.917, ""avg_ctrl_seconds_per_15"": 402.153, ""avg_td_absorbed_per_15"": 0.103}"
Welterweight,wrestling,best,4,Kamaru Usman,1.589,19,329,"{""avg_td_landed_per_15"": 3.218, ""avg_td_attempted_per_15"": 6.571, ""avg_td_accuracy"": 0.483, ""avg_td_defense"": 0.933, ""avg_ctrl_seconds_per_15"": 388.064, ""avg_td_absorbed_per_15"": 0.243}"
Welterweight,wrestling,best,5,Colby Covington,1.573,17,511,"{""avg_td_landed_per_15"": 4.505, ""avg_td_attempted_per_15"": 9.582, ""avg_td_accuracy"": 0.442, ""avg_td_defense"": 0.476, ""avg_ctrl_seconds_per_15"": 453.356, ""avg_td_absorbed_per_15"": 0.371}"
Welterweight,wrestling,worst,1,Joel Alvarez,-1.66,11,0,"{""avg_td_landed_per_15"": 0.091, ""avg_td_attempted_per_15"": 0.336, ""avg_td_accuracy"": 0.333, ""avg_td_defense"": 0.31, ""avg_ctrl_seconds_per_15"": 58.999, ""avg_td_absorbed_per_15"": 3.874}"
Welterweight,wrestling,worst,2,Chidi Njokuani,-1.284,10,77,"{""avg_td_landed_per_15"": 0.0, ""avg_td_attempted_per_15"": 1.103, ""avg_td_accuracy"": 0.0, ""avg_td_defense"": 0.585, ""avg_ctrl_seconds_per_15"": 128.095, ""avg_td_absorbed_per_15"": 3.118}"
Welterweight,wrestling,worst,3,Rhys McKee,-1.261,6,245,"{""avg_td_landed_per_15"": 0.0, ""avg_td_attempted_per_15"": 1.667, ""avg_td_accuracy"": 0.0, ""avg_td_defense"": 0.53, ""avg_ctrl_seconds_per_15"": 104.667, ""avg_td_absorbed_per_15"": 2.501}"
Welterweight,wrestling,worst,4,Chris Curtis,-1.084,11,56,"{""avg_td_landed_per_15"": 0.0, ""avg_td_attempted_per_15"": 0.091, ""avg_td_accuracy"": 0.0, ""avg_td_defense"": 0.823, ""avg_ctrl_seconds_per_15"": 19.728, ""avg_td_absorbed_per_15"": 2.146}"
Welterweight,wrestling,worst,5,Phil Rowe,-1.033,9,77,"{""avg_td_landed_per_15"": 0.457, ""avg_td_attempted_per_15"": 1.248, ""avg_td_accuracy"": 0.333, ""avg_td_defense"": 0.481, ""avg_ctrl_seconds_per_15"": 98.621, ""avg_td_absorbed_per_15"": 2.743}"
Welterweight,finishing,best,1,Carlos Prates,2.37,8,7,"{""prior_finish_win_rate"": 0.875, ""avg_kd_for"": 1.5, ""avg_sub_att_per_15"": 0.0, ""prior_win_rate"": 0.875}"
Welterweight,finishing,best,2,Shavkat Rakhmonov,1.614,7,518,"{""prior_finish_win_rate"": 0.857, ""avg_kd_for"": 0.143, ""avg_sub_att_per_15"": 1.555, ""prior_win_rate"": 1.0}"
Welterweight,finishing,best,3,Michael Morales,1.607,7,175,"{""prior_finish_win_rate"": 0.714, ""avg_kd_for"": 1.0, ""avg_sub_att_per_15"": 0.0, ""prior_win_rate"": 1.0}"
Welterweight,finishing,best,4,Gabriel Bonfim,1.429,7,182,"{""prior_finish_win_rate"": 0.571, ""avg_kd_for"": 0.143, ""avg_sub_att_per_15"": 5.04, ""prior_win_rate"": 0.857}"
Welterweight,finishing,best,5,Uros Medic,1.251,10,77,"{""prior_finish_win_rate"": 0.7, ""avg_kd_for"": 0.8, ""avg_sub_att_per_15"": 0.0, ""prior_win_rate"": 0.7}"
Welterweight,finishing,worst,1,Ange Loosa,-1.276,5,329,"{""prior_finish_win_rate"": 0.0, ""avg_kd_for"": 0.2, ""avg_sub_att_per_15"": 0.0, ""prior_win_rate"": 0.4}"
Welterweight,finishing,worst,2,Michael Page,-1.221,5,49,"{""prior_finish_win_rate"": 0.0, ""avg_kd_for"": 0.0, ""avg_sub_att_per_15"": 0.0, ""prior_win_rate"": 0.8}"
Welterweight,finishing,worst,3,Preston Parsons,-1.152,6,483,"{""prior_finish_win_rate"": 0.0, ""avg_kd_for"": 0.0, ""avg_sub_att_per_15"": 1.667, ""prior_win_rate"": 0.333}"
Welterweight,finishing,worst,4,Adam Fugitt,-1.018,6,105,"{""prior_finish_win_rate"": 0.167, ""avg_kd_for"": 0.0, ""avg_sub_att_per_15"": 0.0, ""prior_win_rate"": 0.333}"
Welterweight,finishing,worst,5,Wellington Turman,-1.007,9,889,"{""prior_finish_win_rate"": 0.111, ""avg_kd_for"": 0.0, ""avg_sub_att_per_15"": 0.847, ""prior_win_rate"": 0.333}"
Welterweight,defense,best,1,Islam Makhachev,1.565,18,175,"{""avg_sig_str_defense"": 0.601, ""avg_td_defense"": 0.917, ""avg_sig_str_absorbed_per_15"": 22.687, ""avg_td_absorbed_per_15"": 0.103, ""avg_ctrl_absorbed_seconds_per_15"": 57.398, ""avg_kd_against"": 0.111, ""prior_finish_loss_rate"": 0.056}"
Welterweight,defense,best,2,Rinat Fakhretdinov,1.477,6,245,"{""avg_sig_str_defense"": 0.617, ""avg_td_defense"": 0.938, ""avg_sig_str_absorbed_per_15"": 54.404, ""avg_td_absorbed_per_15"": 0.167, ""avg_ctrl_absorbed_seconds_per_15"": 48.167, ""avg_kd_against"": 0.0, ""prior_finish_loss_rate"": 0.0}"
Welterweight,defense,best,3,Charles Radtke,1.251,7,28,"{""avg_sig_str_defense"": 0.595, ""avg_td_defense"": 1.0, ""avg_sig_str_absorbed_per_15"": 44.444, ""avg_td_absorbed_per_15"": 0.0, ""avg_ctrl_absorbed_seconds_per_15"": 24.718, ""avg_kd_against"": 0.286, ""prior_finish_loss_rate"": 0.286}"
Welterweight,defense,best,4,Kamaru Usman,1.149,19,329,"{""avg_sig_str_defense"": 0.53, ""avg_td_defense"": 0.933, ""avg_sig_str_absorbed_per_15"": 40.566, ""avg_td_absorbed_per_15"": 0.243, ""avg_ctrl_absorbed_seconds_per_15"": 38.91, ""avg_kd_against"": 0.053, ""prior_finish_loss_rate"": 0.053}"
Welterweight,defense,best,5,Gabriel Bonfim,0.983,7,182,"{""avg_sig_str_defense"": 0.606, ""avg_td_defense"": 0.923, ""avg_sig_str_absorbed_per_15"": 65.604, ""avg_td_absorbed_per_15"": 0.571, ""avg_ctrl_absorbed_seconds_per_15"": 75.267, ""avg_kd_against"": 0.143, ""prior_finish_loss_rate"": 0.143}"
Welterweight,defense,worst,1,Rhys McKee,-1.565,6,245,"{""avg_sig_str_defense"": 0.47, ""avg_td_defense"": 0.53, ""avg_sig_str_absorbed_per_15"": 118.928, ""avg_td_absorbed_per_15"": 2.501, ""avg_ctrl_absorbed_seconds_per_15"": 276.165, ""avg_kd_against"": 0.167, ""prior_finish_loss_rate"": 0.333}"
Welterweight,defense,worst,2,Niko Price,-1.496,19,42,"{""avg_sig_str_defense"": 0.467, ""avg_td_defense"": 0.369, ""avg_sig_str_absorbed_per_15"": 93.256, ""avg_td_absorbed_per_15"": 2.199, ""avg_ctrl_absorbed_seconds_per_15"": 191.138, ""avg_kd_against"": 0.211, ""prior_finish_loss_rate"": 0.474}"
Welterweight,defense,worst,3,Joel Alvarez,-1.356,11,0,"{""avg_sig_str_defense"": 0.449, ""avg_td_defense"": 0.31, ""avg_sig_str_absorbed_per_15"": 45.664, ""avg_td_absorbed_per_15"": 3.874, ""avg_ctrl_absorbed_seconds_per_15"": 292.496, ""avg_kd_against"": 0.0, ""prior_finish_loss_rate"": 0.182}"
Welterweight,defense,worst,4,Phil Rowe,-1.07,9,77,"{""avg_sig_str_defense"": 0.488, ""avg_td_defense"": 0.481, ""avg_sig_str_absorbed_per_15"": 56.786, ""avg_td_absorbed_per_15"": 2.743, ""avg_ctrl_absorbed_seconds_per_15"": 392.015, ""avg_kd_against"": 0.333, ""prior_finish_loss_rate"": 0.0}"
Welterweight,defense,worst,5,Takashi Sato,-1.069,7,1085,"{""avg_sig_str_defense"": 0.427, ""avg_td_defense"": 0.581, ""avg_sig_str_absorbed_per_15"": 70.323, ""avg_td_absorbed_per_15"": 1.443, ""avg_ctrl_absorbed_seconds_per_15"": 223.225, ""avg_kd_against"": 0.286, ""prior_finish_loss_rate"": 0.429}"
Welterweight,elo,best,1,Islam Makhachev,1750.394,18,175,"{""prior_elo"": 1750.394, ""prior_peak_elo"": 1750.394, ""prior_win_rate"": 0.944, ""prior_fights"": 18}"
Welterweight,elo,best,2,Kamaru Usman,1694.127,19,329,"{""prior_elo"": 1694.127, ""prior_peak_elo"": 1739.388, ""prior_win_rate"": 0.842, ""prior_fights"": 19}"
Welterweight,elo,best,3,Belal Muhammad,1656.909,20,168,"{""prior_elo"": 1656.909, ""prior_peak_elo"": 1694.166, ""prior_win_rate"": 0.75, ""prior_fights"": 20}"
Welterweight,elo,best,4,Ian Machado Garry,1646.875,11,168,"{""prior_elo"": 1646.875, ""prior_peak_elo"": 1646.875, ""prior_win_rate"": 0.909, ""prior_fights"": 11}"
Welterweight,elo,best,5,Leon Edwards,1643.639,19,175,"{""prior_elo"": 1643.639, ""prior_peak_elo"": 1705.036, ""prior_win_rate"": 0.737, ""prior_fights"": 19}"
Welterweight,elo,worst,1,Rhys McKee,1446.07,6,245,"{""prior_elo"": 1446.07, ""prior_peak_elo"": 1480.86, ""prior_win_rate"": 0.167, ""prior_fights"": 6}"
Welterweight,elo,worst,2,Francisco Prado,1451.591,6,28,"{""prior_elo"": 1451.591, ""prior_peak_elo"": 1506.335, ""prior_win_rate"": 0.167, ""prior_fights"": 6}"
Welterweight,elo,worst,3,Wellington Turman,1455.122,9,889,"{""prior_elo"": 1455.122, ""prior_peak_elo"": 1503.222, ""prior_win_rate"": 0.333, ""prior_fights"": 9}"
Welterweight,elo,worst,4,Andre Fialho,1457.556,7,959,"{""prior_elo"": 1457.556, ""prior_peak_elo"": 1527.555, ""prior_win_rate"": 0.286, ""prior_fights"": 7}"
Welterweight,elo,worst,5,Niko Price,1460.472,19,42,"{""prior_elo"": 1460.472, ""prior_peak_elo"": 1558.408, ""prior_win_rate"": 0.421, ""prior_fights"": 19}"
Welterweight,experience,best,1,Neil Magny,37.0,37,147,"{""prior_fights"": 37, ""prior_wins"": 24, ""prior_losses"": 13, ""prior_win_rate"": 0.649}"
Welterweight,experience,best,2,Rafael Dos Anjos,36.0,36,560,"{""prior_fights"": 36, ""prior_wins"": 21, ""prior_losses"": 15, ""prior_win_rate"": 0.583}"
Welterweight,experience,best,3,Matt Brown,30.0,30,1092,"{""prior_fights"": 30, ""prior_wins"": 17, ""prior_losses"": 13, ""prior_win_rate"": 0.567}"
Welterweight,experience,best,4,Tim Means,29.0,29,581,"{""prior_fights"": 29, ""prior_wins"": 15, ""prior_losses"": 14, ""prior_win_rate"": 0.517}"
Welterweight,experience,best,5,Kevin Holland,28.0,28,28,"{""prior_fights"": 28, ""prior_wins"": 16, ""prior_losses"": 12, ""prior_win_rate"": 0.571}"
Welterweight,experience,worst,1,Ange Loosa,5.0,5,329,"{""prior_fights"": 5, ""prior_wins"": 2, ""prior_losses"": 3, ""prior_win_rate"": 0.4}"
Welterweight,experience,worst,2,Oban Elliott,5.0,5,98,"{""prior_fights"": 5, ""prior_wins"": 3, ""prior_losses"": 2, ""prior_win_rate"": 0.6}"
Welterweight,experience,worst,3,Nikolay Veretennikov,5.0,5,91,"{""prior_fights"": 5, ""prior_wins"": 2, ""prior_losses"": 3, ""prior_win_rate"": 0.4}"
Welterweight,experience,worst,4,Michael Page,5.0,5,49,"{""prior_fights"": 5, ""prior_wins"": 4, ""prior_losses"": 1, ""prior_win_rate"": 0.8}"
Welterweight,experience,worst,5,Adam Fugitt,6.0,6,105,"{""prior_fights"": 6, ""prior_wins"": 2, ""prior_losses"": 4, ""prior_win_rate"": 0.333}"
Welterweight,reach,best,1,Kevin Holland,81.0,28,28,"{""height_inches"": 75.0, ""reach_inches"": 81.0, ""reach_minus_height_inches"": 6.0}"
Welterweight,reach,best,2,Phil Rowe,80.0,9,77,"{""height_inches"": 75.0, ""reach_inches"": 80.0, ""reach_minus_height_inches"": 5.0}"
Welterweight,reach,best,3,Neil Magny,80.0,37,147,"{""height_inches"": 75.0, ""reach_inches"": 80.0, ""reach_minus_height_inches"": 5.0}"
Welterweight,reach,best,4,Chidi Njokuani,80.0,10,77,"{""height_inches"": 75.0, ""reach_inches"": 80.0, ""reach_minus_height_inches"": 5.0}"
Welterweight,reach,best,5,Michael Page,79.0,5,49,"{""height_inches"": 75.0, ""reach_inches"": 79.0, ""reach_minus_height_inches"": 4.0}"
Welterweight,reach,worst,1,Francisco Prado,69.0,6,28,"{""height_inches"": 70.0, ""reach_inches"": 69.0, ""reach_minus_height_inches"": -1.0}"
Welterweight,reach,worst,2,Rafael Dos Anjos,70.0,36,560,"{""height_inches"": 68.0, ""reach_inches"": 70.0, ""reach_minus_height_inches"": 2.0}"
Welterweight,reach,worst,3,Ricky Glenn,70.0,10,630,"{""height_inches"": 72.0, ""reach_inches"": 70.0, ""reach_minus_height_inches"": -2.0}"
Welterweight,reach,worst,4,Islam Makhachev,70.0,18,175,"{""height_inches"": 70.0, ""reach_inches"": 70.0, ""reach_minus_height_inches"": 0.0}"
Welterweight,reach,worst,5,Muslim Salikhov,70.0,14,182,"{""height_inches"": 71.0, ""reach_inches"": 70.0, ""reach_minus_height_inches"": -1.0}"
Welterweight,reach_for_size,best,1,Kevin Lee,8.0,19,1043,"{""height_inches"": 69.0, ""reach_inches"": 77.0, ""reach_minus_height_inches"": 8.0}"
Welterweight,reach_for_size,best,2,Michael Morales,7.0,7,175,"{""height_inches"": 72.0, ""reach_inches"": 79.0, ""reach_minus_height_inches"": 7.0}"
Welterweight,reach_for_size,best,3,Joaquin Buckley,6.0,17,0,"{""height_inches"": 70.0, ""reach_inches"": 76.0, ""reach_minus_height_inches"": 6.0}"
Welterweight,reach_for_size,best,4,Kevin Holland,6.0,28,28,"{""height_inches"": 75.0, ""reach_inches"": 81.0, ""reach_minus_height_inches"": 6.0}"
Welterweight,reach_for_size,best,5,Khaos Williams,5.0,10,336,"{""height_inches"": 72.0, ""reach_inches"": 77.0, ""reach_minus_height_inches"": 5.0}"
Welterweight,reach_for_size,worst,1,Ricky Glenn,-2.0,10,630,"{""height_inches"": 72.0, ""reach_inches"": 70.0, ""reach_minus_height_inches"": -2.0}"
Welterweight,reach_for_size,worst,2,Uros Medic,-2.0,10,77,"{""height_inches"": 73.0, ""reach_inches"": 71.0, ""reach_minus_height_inches"": -2.0}"
Welterweight,reach_for_size,worst,3,Song Kenan,-1.0,11,532,"{""height_inches"": 72.0, ""reach_inches"": 71.0, ""reach_minus_height_inches"": -1.0}"
Welterweight,reach_for_size,worst,4,Li Jingliang,-1.0,18,630,"{""height_inches"": 72.0, ""reach_inches"": 71.0, ""reach_minus_height_inches"": -1.0}"
Welterweight,reach_for_size,worst,5,Muslim Salikhov,-1.0,14,182,"{""height_inches"": 71.0, ""reach_inches"": 70.0, ""reach_minus_height_inches"": -1.0}"
Middleweight,overall,best,1,Khamzat Chimaev,1.625,10,0,"{""prior_elo"": 1646.457, ""prior_win_rate"": 0.9, ""recent_5_win_rate"": 0.8, ""avg_sig_str_differential_per_15"": 61.326, ""prior_finish_win_rate"": 0.6}"
Middleweight,overall,best,2,Dricus Du Plessis,1.532,10,266,"{""prior_elo"": 1651.905, ""prior_win_rate"": 0.9, ""recent_5_win_rate"": 0.8, ""avg_sig_str_differential_per_15"": 26.212, ""prior_finish_win_rate"": 0.6}"
Middleweight,overall,best,3,Ateba Gautier,1.522,5,0,"{""prior_elo"": 1583.832, ""prior_win_rate"": 1.0, ""recent_5_win_rate"": 1.0, ""avg_sig_str_differential_per_15"": 67.017, ""prior_finish_win_rate"": 0.8}"
Middleweight,overall,best,4,Nassourdine Imavov,1.309,11,245,"{""prior_elo"": 1640.183, ""prior_win_rate"": 0.818, ""recent_5_win_rate"": 1.0, ""avg_sig_str_differential_per_15"": 14.61, ""prior_finish_win_rate"": 0.364}"
Middleweight,overall,best,5,Joe Pyfer,1.245,8,42,"{""prior_elo"": 1610.265, ""prior_win_rate"": 0.875, ""recent_5_win_rate"": 0.8, ""avg_sig_str_differential_per_15"": 16.533, ""prior_finish_win_rate"": 0.75}"
Middleweight,overall,worst,1,Jamie Pickett,-1.937,9,798,"{""prior_elo"": 1420.879, ""prior_win_rate"": 0.222, ""recent_5_win_rate"": 0.0, ""avg_sig_str_differential_per_15"": -45.683, ""prior_finish_win_rate"": 0.0}"
Middleweight,overall,worst,2,Denis Tiuliulin,-1.588,6,644,"{""prior_elo"": 1439.848, ""prior_win_rate"": 0.167, ""recent_5_win_rate"": 0.2, ""avg_sig_str_differential_per_15"": -28.572, ""prior_finish_win_rate"": 0.167}"
Middleweight,overall,worst,3,Ihor Potieria,-1.507,8,483,"{""prior_elo"": 1441.919, ""prior_win_rate"": 0.25, ""recent_5_win_rate"": 0.2, ""avg_sig_str_differential_per_15"": -29.051, ""prior_finish_win_rate"": 0.125}"
Middleweight,overall,worst,4,Sedriques Dumas,-1.376,8,14,"{""prior_elo"": 1457.679, ""prior_win_rate"": 0.375, ""recent_5_win_rate"": 0.2, ""avg_sig_str_differential_per_15"": -42.756, ""prior_finish_win_rate"": 0.0}"
Middleweight,overall,worst,5,Julian Marquez,-1.257,8,434,"{""prior_elo"": 1449.402, ""prior_win_rate"": 0.375, ""recent_5_win_rate"": 0.2, ""avg_sig_str_differential_per_15"": -47.852, ""prior_finish_win_rate"": 0.375}"
Middleweight,striking,best,1,Ateba Gautier,2.11,5,0,"{""avg_sig_str_differential_per_15"": 67.017, ""avg_sig_str_landed_per_15"": 101.313, ""avg_sig_str_absorbed_per_15"": 34.296, ""avg_sig_str_accuracy"": 0.432, ""avg_sig_str_defense"": 0.661, ""avg_kd_for"": 1.2, ""avg_kd_against"": 0.0}"
Middleweight,striking,best,2,Khamzat Chimaev,1.683,10,0,"{""avg_sig_str_differential_per_15"": 61.326, ""avg_sig_str_landed_per_15"": 86.069, ""avg_sig_str_absorbed_per_15"": 24.743, ""avg_sig_str_accuracy"": 0.611, ""avg_sig_str_defense"": 0.565, ""avg_kd_for"": 0.2, ""avg_kd_against"": 0.0}"
Middleweight,striking,best,3,Phil Hawes,1.561,8,847,"{""avg_sig_str_differential_per_15"": 65.703, ""avg_sig_str_landed_per_15"": 124.234, ""avg_sig_str_absorbed_per_15"": 58.531, ""avg_sig_str_accuracy"": 0.573, ""avg_sig_str_defense"": 0.587, ""avg_kd_for"": 0.25, ""avg_kd_against"": 0.5}"
Middleweight,striking,best,4,Edmen Shahbazyan,1.206,14,217,"{""avg_sig_str_differential_per_15"": 40.941, ""avg_sig_str_landed_per_15"": 84.89, ""avg_sig_str_absorbed_per_15"": 43.95, ""avg_sig_str_accuracy"": 0.513, ""avg_sig_str_defense"": 0.61, ""avg_kd_for"": 0.5, ""avg_kd_against"": 0.0}"
Middleweight,striking,best,5,Christian Leroy Duncan,1.078,9,49,"{""avg_sig_str_differential_per_15"": 37.683, ""avg_sig_str_landed_per_15"": 73.937, ""avg_sig_str_absorbed_per_15"": 36.254, ""avg_sig_str_accuracy"": 0.59, ""avg_sig_str_defense"": 0.549, ""avg_kd_for"": 0.333, ""avg_kd_against"": 0.0}"
Middleweight,striking,worst,1,Tresean Gore,-1.795,7,35,"{""avg_sig_str_differential_per_15"": -49.475, ""avg_sig_str_landed_per_15"": 43.637, ""avg_sig_str_absorbed_per_15"": 93.112, ""avg_sig_str_accuracy"": 0.536, ""avg_sig_str_defense"": 0.471, ""avg_kd_for"": 0.0, ""avg_kd_against"": 0.571}"
Middleweight,striking,worst,2,Julian Marquez,-1.697,8,434,"{""avg_sig_str_differential_per_15"": -47.852, ""avg_sig_str_landed_per_15"": 79.449, ""avg_sig_str_absorbed_per_15"": 127.301, ""avg_sig_str_accuracy"": 0.517, ""avg_sig_str_defense"": 0.468, ""avg_kd_for"": 0.125, ""avg_kd_against"": 0.625}"
Middleweight,striking,worst,3,Sedriques Dumas,-1.67,8,14,"{""avg_sig_str_differential_per_15"": -42.756, ""avg_sig_str_landed_per_15"": 23.732, ""avg_sig_str_absorbed_per_15"": 66.488, ""avg_sig_str_accuracy"": 0.432, ""avg_sig_str_defense"": 0.519, ""avg_kd_for"": 0.0, ""avg_kd_against"": 0.375}"
Middleweight,striking,worst,4,Jamie Pickett,-1.637,9,798,"{""avg_sig_str_differential_per_15"": -45.683, ""avg_sig_str_landed_per_15"": 37.632, ""avg_sig_str_absorbed_per_15"": 83.315, ""avg_sig_str_accuracy"": 0.491, ""avg_sig_str_defense"": 0.494, ""avg_kd_for"": 0.111, ""avg_kd_against"": 0.444}"
Middleweight,striking,worst,5,Denis Tiuliulin,-1.353,6,644,"{""avg_sig_str_differential_per_15"": -28.572, ""avg_sig_str_landed_per_15"": 49.744, ""avg_sig_str_absorbed_per_15"": 78.316, ""avg_sig_str_accuracy"": 0.379, ""avg_sig_str_defense"": 0.34, ""avg_kd_for"": 0.333, ""avg_kd_against"": 0.167}"
Middleweight,grappling,best,1,Khamzat Chimaev,3.021,10,0,"{""avg_td_landed_per_15"": 5.474, ""avg_td_accuracy"": 0.589, ""avg_td_defense"": 0.75, ""avg_ctrl_seconds_per_15"": 589.252, ""avg_sub_att_per_15"": 3.97, ""avg_td_absorbed_per_15"": 0.06, ""avg_ctrl_absorbed_seconds_per_15"": 14.64}"
Middleweight,grappling,best,2,Bo Nickal,1.683,6,175,"{""avg_td_landed_per_15"": 2.497, ""avg_td_accuracy"": 0.483, ""avg_td_defense"": 1.0, ""avg_ctrl_seconds_per_15"": 336.108, ""avg_sub_att_per_15"": 2.505, ""avg_td_absorbed_per_15"": 0.0, ""avg_ctrl_absorbed_seconds_per_15"": 59.818}"
Middleweight,grappling,best,3,Anthony Hernandez,1.48,12,77,"{""avg_td_landed_per_15"": 4.939, ""avg_td_accuracy"": 0.471, ""avg_td_defense"": 0.637, ""avg_ctrl_seconds_per_15"": 393.435, ""avg_sub_att_per_15"": 1.776, ""avg_td_absorbed_per_15"": 1.128, ""avg_ctrl_absorbed_seconds_per_15"": 129.36}"
Middleweight,grappling,best,4,Rodolfo Vieira,1.253,11,14,"{""avg_td_landed_per_15"": 4.098, ""avg_td_accuracy"": 0.377, ""avg_td_defense"": 0.583, ""avg_ctrl_seconds_per_15"": 344.513, ""avg_sub_att_per_15"": 1.516, ""avg_td_absorbed_per_15"": 0.402, ""avg_ctrl_absorbed_seconds_per_15"": 49.498}"
Middleweight,grappling,best,5,Andre Petroski,1.235,12,224,"{""avg_td_landed_per_15"": 2.439, ""avg_td_accuracy"": 0.473, ""avg_td_defense"": 0.874, ""avg_ctrl_seconds_per_15"": 281.54, ""avg_sub_att_per_15"": 1.839, ""avg_td_absorbed_per_15"": 0.25, ""avg_ctrl_absorbed_seconds_per_15"": 59.113}"
Middleweight,grappling,worst,1,Cesar Almeida,-2.038,5,147,"{""avg_td_landed_per_15"": 0.0, ""avg_td_accuracy"": 0.0, ""avg_td_defense"": 0.542, ""avg_ctrl_seconds_per_15"": 39.898, ""avg_sub_att_per_15"": 0.2, ""avg_td_absorbed_per_15"": 4.047, ""avg_ctrl_absorbed_seconds_per_15"": 491.928}"
Middleweight,grappling,worst,2,Armen Petrosyan,-1.457,7,427,"{""avg_td_landed_per_15"": 0.143, ""avg_td_accuracy"": 0.25, ""avg_td_defense"": 0.375, ""avg_ctrl_seconds_per_15"": 44.561, ""avg_sub_att_per_15"": 0.0, ""avg_td_absorbed_per_15"": 3.079, ""avg_ctrl_absorbed_seconds_per_15"": 208.154}"
Middleweight,grappling,worst,3,Bryan Barberena,-1.399,19,784,"{""avg_td_landed_per_15"": 0.15, ""avg_td_accuracy"": 0.19, ""avg_td_defense"": 0.551, ""avg_ctrl_seconds_per_15"": 67.612, ""avg_sub_att_per_15"": 0.255, ""avg_td_absorbed_per_15"": 3.7, ""avg_ctrl_absorbed_seconds_per_15"": 269.526}"
Middleweight,grappling,worst,4,Denis Tiuliulin,-1.393,6,644,"{""avg_td_landed_per_15"": 0.5, ""avg_td_accuracy"": 0.2, ""avg_td_defense"": 0.7, ""avg_ctrl_seconds_per_15"": 40.167, ""avg_sub_att_per_15"": 0.0, ""avg_td_absorbed_per_15"": 3.286, ""avg_ctrl_absorbed_seconds_per_15"": 383.257}"
Middleweight,grappling,worst,5,Shara Magomedov,-1.072,6,287,"{""avg_td_landed_per_15"": 0.0, ""avg_td_accuracy"": 0.0, ""avg_td_defense"": 0.762, ""avg_ctrl_seconds_per_15"": 20.087, ""avg_sub_att_per_15"": 0.0, ""avg_td_absorbed_per_15"": 1.333, ""avg_ctrl_absorbed_seconds_per_15"": 209.114}"
Middleweight,wrestling,best,1,Khamzat Chimaev,2.671,10,0,"{""avg_td_landed_per_15"": 5.474, ""avg_td_attempted_per_15"": 10.72, ""avg_td_accuracy"": 0.589, ""avg_td_defense"": 0.75, ""avg_ctrl_seconds_per_15"": 589.252, ""avg_td_absorbed_per_15"": 0.06}"
Middleweight,wrestling,best,2,Anthony Hernandez,1.723,12,77,"{""avg_td_landed_per_15"": 4.939, ""avg_td_attempted_per_15"": 10.508, ""avg_td_accuracy"": 0.471, ""avg_td_defense"": 0.637, ""avg_ctrl_seconds_per_15"": 393.435, ""avg_td_absorbed_per_15"": 1.128}"
Middleweight,wrestling,best,3,Bo Nickal,1.459,6,175,"{""avg_td_landed_per_15"": 2.497, ""avg_td_attempted_per_15"": 10.101, ""avg_td_accuracy"": 0.483, ""avg_td_defense"": 1.0, ""avg_ctrl_seconds_per_15"": 336.108, ""avg_td_absorbed_per_15"": 0.0}"
Middleweight,wrestling,best,4,Rodolfo Vieira,1.445,11,14,"{""avg_td_landed_per_15"": 4.098, ""avg_td_attempted_per_15"": 12.813, ""avg_td_accuracy"": 0.377, ""avg_td_defense"": 0.583, ""avg_ctrl_seconds_per_15"": 344.513, ""avg_td_absorbed_per_15"": 0.402}"
Middleweight,wrestling,best,5,Jacob Malkoun,1.393,9,7,"{""avg_td_landed_per_15"": 4.281, ""avg_td_attempted_per_15"": 10.728, ""avg_td_accuracy"": 0.435, ""avg_td_defense"": 0.5, ""avg_ctrl_seconds_per_15"": 383.877, ""avg_td_absorbed_per_15"": 0.909}"
Middleweight,wrestling,worst,1,Cesar Almeida,-1.653,5,147,"{""avg_td_landed_per_15"": 0.0, ""avg_td_attempted_per_15"": 0.4, ""avg_td_accuracy"": 0.0, ""avg_td_defense"": 0.542, ""avg_ctrl_seconds_per_15"": 39.898, ""avg_td_absorbed_per_15"": 4.047}"
Middleweight,wrestling,worst,2,Armen Petrosyan,-1.439,7,427,"{""avg_td_landed_per_15"": 0.143, ""avg_td_attempted_per_15"": 0.429, ""avg_td_accuracy"": 0.25, ""avg_td_defense"": 0.375, ""avg_ctrl_seconds_per_15"": 44.561, ""avg_td_absorbed_per_15"": 3.079}"
Middleweight,wrestling,worst,3,Bryan Barberena,-1.341,19,784,"{""avg_td_landed_per_15"": 0.15, ""avg_td_attempted_per_15"": 0.519, ""avg_td_accuracy"": 0.19, ""avg_td_defense"": 0.551, ""avg_ctrl_seconds_per_15"": 67.612, ""avg_td_absorbed_per_15"": 3.7}"
Middleweight,wrestling,worst,4,Julian Marquez,-1.318,8,434,"{""avg_td_landed_per_15"": 0.0, ""avg_td_attempted_per_15"": 1.191, ""avg_td_accuracy"": 0.0, ""avg_td_defense"": 0.553, ""avg_ctrl_seconds_per_15"": 44.547, ""avg_td_absorbed_per_15"": 2.13}"
Middleweight,wrestling,worst,5,Shara Magomedov,-1.073,6,287,"{""avg_td_landed_per_15"": 0.0, ""avg_td_attempted_per_15"": 0.167, ""avg_td_accuracy"": 0.0, ""avg_td_defense"": 0.762, ""avg_ctrl_seconds_per_15"": 20.087, ""avg_td_absorbed_per_15"": 1.333}"
Middleweight,finishing,best,1,Ateba Gautier,2.018,5,0,"{""prior_finish_win_rate"": 0.8, ""avg_kd_for"": 1.2, ""avg_sub_att_per_15"": 0.0, ""prior_win_rate"": 1.0}"
Middleweight,finishing,best,2,Joe Pyfer,1.553,8,42,"{""prior_finish_win_rate"": 0.75, ""avg_kd_for"": 0.625, ""avg_sub_att_per_15"": 1.084, ""prior_win_rate"": 0.875}"
Middleweight,finishing,best,3,Khamzat Chimaev,1.422,10,0,"{""prior_finish_win_rate"": 0.6, ""avg_kd_for"": 0.2, ""avg_sub_att_per_15"": 3.97, ""prior_win_rate"": 0.9}"
Middleweight,finishing,best,4,Bo Nickal,1.363,6,175,"{""prior_finish_win_rate"": 0.667, ""avg_kd_for"": 0.333, ""avg_sub_att_per_15"": 2.505, ""prior_win_rate"": 0.833}"
Middleweight,finishing,best,5,Vicente Luque,1.032,25,28,"{""prior_finish_win_rate"": 0.6, ""avg_kd_for"": 0.44, ""avg_sub_att_per_15"": 1.73, ""prior_win_rate"": 0.68}"
Middleweight,finishing,worst,1,Sedriques Dumas,-1.465,8,14,"{""prior_finish_win_rate"": 0.0, ""avg_kd_for"": 0.0, ""avg_sub_att_per_15"": 0.0, ""prior_win_rate"": 0.375}"
Middleweight,finishing,worst,2,Jamie Pickett,-1.451,9,798,"{""prior_finish_win_rate"": 0.0, ""avg_kd_for"": 0.111, ""avg_sub_att_per_15"": 0.0, ""prior_win_rate"": 0.222}"
Middleweight,finishing,worst,3,Armen Petrosyan,-1.437,7,427,"{""prior_finish_win_rate"": 0.0, ""avg_kd_for"": 0.0, ""avg_sub_att_per_15"": 0.0, ""prior_win_rate"": 0.429}"
Middleweight,finishing,worst,4,Tafon Nchukwi,-1.343,6,1001,"{""prior_finish_win_rate"": 0.0, ""avg_kd_for"": 0.167, ""avg_sub_att_per_15"": 0.0, ""prior_win_rate"": 0.333}"
Middleweight,finishing,worst,5,Brad Tavares,-1.017,28,56,"{""prior_finish_win_rate"": 0.071, ""avg_kd_for"": 0.179, ""avg_sub_att_per_15"": 0.0, ""prior_win_rate"": 0.571}"
Middleweight,defense,best,1,Ateba Gautier,1.838,5,0,"{""avg_sig_str_defense"": 0.661, ""avg_td_defense"": 1.0, ""avg_sig_str_absorbed_per_15"": 34.296, ""avg_td_absorbed_per_15"": 0.0, ""avg_ctrl_absorbed_seconds_per_15"": 41.342, ""avg_kd_against"": 0.0, ""prior_finish_loss_rate"": 0.0}"
Middleweight,defense,best,2,Bo Nickal,1.382,6,175,"{""avg_sig_str_defense"": 0.586, ""avg_td_defense"": 1.0, ""avg_sig_str_absorbed_per_15"": 30.577, ""avg_td_absorbed_per_15"": 0.0, ""avg_ctrl_absorbed_seconds_per_15"": 59.818, ""avg_kd_against"": 0.167, ""prior_finish_loss_rate"": 0.167}"
Middleweight,defense,best,3,Khamzat Chimaev,1.298,10,0,"{""avg_sig_str_defense"": 0.565, ""avg_td_defense"": 0.75, ""avg_sig_str_absorbed_per_15"": 24.743, ""avg_td_absorbed_per_15"": 0.06, ""avg_ctrl_absorbed_seconds_per_15"": 14.64, ""avg_kd_against"": 0.0, ""prior_finish_loss_rate"": 0.0}"
Middleweight,defense,best,4,Ismail Naurdiev,1.109,7,168,"{""avg_sig_str_defense"": 0.676, ""avg_td_defense"": 0.765, ""avg_sig_str_absorbed_per_15"": 24.209, ""avg_td_absorbed_per_15"": 1.571, ""avg_ctrl_absorbed_seconds_per_15"": 273.0, ""avg_kd_against"": 0.0, ""prior_finish_loss_rate"": 0.0}"
Middleweight,defense,best,5,Abus Magomedov,1.043,7,217,"{""avg_sig_str_defense"": 0.601, ""avg_td_defense"": 1.0, ""avg_sig_str_absorbed_per_15"": 45.193, ""avg_td_absorbed_per_15"": 0.0, ""avg_ctrl_absorbed_seconds_per_15"": 75.755, ""avg_kd_against"": 0.429, ""prior_finish_loss_rate"": 0.286}"
Middleweight,defense,worst,1,Denis Tiuliulin,-1.629,6,644,"{""avg_sig_str_defense"": 0.34, ""avg_td_defense"": 0.7, ""avg_sig_str_absorbed_per_15"": 78.316, ""avg_td_absorbed_per_15"": 3.286, ""avg_ctrl_absorbed_seconds_per_15"": 383.257, ""avg_kd_against"": 0.167, ""prior_finish_loss_rate"": 0.667}"
Middleweight,defense,worst,2,Julian Marquez,-1.624,8,434,"{""avg_sig_str_defense"": 0.468, ""avg_td_defense"": 0.553, ""avg_sig_str_absorbed_per_15"": 127.301, ""avg_td_absorbed_per_15"": 2.13, ""avg_ctrl_absorbed_seconds_per_15"": 236.423, ""avg_kd_against"": 0.625, ""prior_finish_loss_rate"": 0.5}"
Middleweight,defense,worst,3,Zach Reese,-1.568,7,77,"{""avg_sig_str_defense"": 0.318, ""avg_td_defense"": 0.338, ""avg_sig_str_absorbed_per_15"": 68.38, ""avg_td_absorbed_per_15"": 2.878, ""avg_ctrl_absorbed_seconds_per_15"": 304.377, ""avg_kd_against"": 0.0, ""prior_finish_loss_rate"": 0.286}"
Middleweight,defense,worst,4,Sedriques Dumas,-1.177,8,14,"{""avg_sig_str_defense"": 0.519, ""avg_td_defense"": 0.28, ""avg_sig_str_absorbed_per_15"": 66.488, ""avg_td_absorbed_per_15"": 2.22, ""avg_ctrl_absorbed_seconds_per_15"": 270.364, ""avg_kd_against"": 0.375, ""prior_finish_loss_rate"": 0.625}"
Middleweight,defense,worst,5,Bryan Barberena,-1.077,19,784,"{""avg_sig_str_defense"": 0.429, ""avg_td_defense"": 0.551, ""avg_sig_str_absorbed_per_15"": 64.776, ""avg_td_absorbed_per_15"": 3.7, ""avg_ctrl_absorbed_seconds_per_15"": 269.526, ""avg_kd_against"": 0.263, ""prior_finish_loss_rate"": 0.263}"
Middleweight,elo,best,1,Sean Strickland,1658.543,25,0,"{""prior_elo"": 1658.543, ""prior_peak_elo"": 1658.543, ""prior_win_rate"": 0.72, ""prior_fights"": 25}"
Middleweight,elo,best,2,Dricus Du Plessis,1651.905,10,266,"{""prior_elo"": 1651.905, ""prior_peak_elo"": 1669.08, ""prior_win_rate"": 0.9, ""prior_fights"": 10}"
Middleweight,elo,best,3,Khamzat Chimaev,1646.457,10,0,"{""prior_elo"": 1646.457, ""prior_peak_elo"": 1660.699, ""prior_win_rate"": 0.9, ""prior_fights"": 10}"
Middleweight,elo,best,4,Robert Whittaker,1640.772,24,287,"{""prior_elo"": 1640.772, ""prior_peak_elo"": 1679.003, ""prior_win_rate"": 0.708, ""prior_fights"": 24}"
Middleweight,elo,best,5,Nassourdine Imavov,1640.183,11,245,"{""prior_elo"": 1640.183, ""prior_peak_elo"": 1640.183, ""prior_win_rate"": 0.818, ""prior_fights"": 11}"
Middleweight,elo,worst,1,Jamie Pickett,1420.879,9,798,"{""prior_elo"": 1420.879, ""prior_peak_elo"": 1498.632, ""prior_win_rate"": 0.222, ""prior_fights"": 9}"
Middleweight,elo,worst,2,Denis Tiuliulin,1439.848,6,644,"{""prior_elo"": 1439.848, ""prior_peak_elo"": 1503.893, ""prior_win_rate"": 0.167, ""prior_fights"": 6}"
Middleweight,elo,worst,3,Ihor Potieria,1441.919,8,483,"{""prior_elo"": 1441.919, ""prior_peak_elo"": 1504.633, ""prior_win_rate"": 0.25, ""prior_fights"": 8}"
Middleweight,elo,worst,4,Julian Marquez,1449.402,8,434,"{""prior_elo"": 1449.402, ""prior_peak_elo"": 1530.727, ""prior_win_rate"": 0.375, ""prior_fights"": 8}"
Middleweight,elo,worst,5,Dustin Stoltzfus,1452.839,10,238,"{""prior_elo"": 1452.839, ""prior_peak_elo"": 1483.348, ""prior_win_rate"": 0.3, ""prior_fights"": 10}"
Middleweight,experience,best,1,Brad Tavares,28.0,28,56,"{""prior_fights"": 28, ""prior_wins"": 16, ""prior_losses"": 12, ""prior_win_rate"": 0.571}"
Middleweight,experience,best,2,Gerald Meerschaert,26.0,26,7,"{""prior_fights"": 26, ""prior_wins"": 12, ""prior_losses"": 14, ""prior_win_rate"": 0.462}"
Middleweight,experience,best,3,Kelvin Gastelum,25.0,25,28,"{""prior_fights"": 25, ""prior_wins"": 14, ""prior_losses"": 11, ""prior_win_rate"": 0.56}"
Middleweight,experience,best,4,Vicente Luque,25.0,25,28,"{""prior_fights"": 25, ""prior_wins"": 17, ""prior_losses"": 8, ""prior_win_rate"": 0.68}"
Middleweight,experience,best,5,Sean Strickland,25.0,25,0,"{""prior_fights"": 25, ""prior_wins"": 18, ""prior_losses"": 7, ""prior_win_rate"": 0.72}"
Middleweight,experience,worst,1,Nursulton Ruziboev,5.0,5,357,"{""prior_fights"": 5, ""prior_wins"": 4, ""prior_losses"": 1, ""prior_win_rate"": 0.8}"
Middleweight,experience,worst,2,Ikram Aliskerov,5.0,5,196,"{""prior_fights"": 5, ""prior_wins"": 4, ""prior_losses"": 1, ""prior_win_rate"": 0.8}"
Middleweight,experience,worst,3,Ateba Gautier,5.0,5,0,"{""prior_fights"": 5, ""prior_wins"": 5, ""prior_losses"": 0, ""prior_win_rate"": 1.0}"
Middleweight,experience,worst,4,Cesar Almeida,5.0,5,147,"{""prior_fights"": 5, ""prior_wins"": 3, ""prior_losses"": 2, ""prior_win_rate"": 0.6}"
Middleweight,experience,worst,5,Makhmud Muradov,6.0,6,1022,"{""prior_fights"": 6, ""prior_wins"": 4, ""prior_losses"": 2, ""prior_win_rate"": 0.667}"
Middleweight,reach,best,1,Ateba Gautier,81.0,5,0,"{""height_inches"": 76.0, ""reach_inches"": 81.0, ""reach_minus_height_inches"": 5.0}"
Middleweight,reach,best,2,Jamie Pickett,80.0,9,798,"{""height_inches"": 74.0, ""reach_inches"": 80.0, ""reach_minus_height_inches"": 6.0}"
Middleweight,reach,best,3,Israel Adesanya,80.0,19,42,"{""height_inches"": 76.0, ""reach_inches"": 80.0, ""reach_minus_height_inches"": 4.0}"
Middleweight,reach,best,4,Christian Leroy Duncan,79.0,9,49,"{""height_inches"": 74.0, ""reach_inches"": 79.0, ""reach_minus_height_inches"": 5.0}"
Middleweight,reach,best,5,Sedriques Dumas,79.0,8,14,"{""height_inches"": 74.0, ""reach_inches"": 79.0, ""reach_minus_height_inches"": 5.0}"
Middleweight,reach,worst,1,Kelvin Gastelum,71.0,25,28,"{""height_inches"": 69.0, ""reach_inches"": 71.0, ""reach_minus_height_inches"": 2.0}"
Middleweight,reach,worst,2,Armen Petrosyan,71.0,7,427,"{""height_inches"": 75.0, ""reach_inches"": 71.0, ""reach_minus_height_inches"": -4.0}"
Middleweight,reach,worst,3,Bryan Barberena,72.0,19,784,"{""height_inches"": 72.0, ""reach_inches"": 72.0, ""reach_minus_height_inches"": 0.0}"
Middleweight,reach,worst,4,Warlley Alves,72.0,16,721,"{""height_inches"": 71.0, ""reach_inches"": 72.0, ""reach_minus_height_inches"": 1.0}"
Middleweight,reach,worst,5,Cody Brundage,72.0,13,63,"{""height_inches"": 72.0, ""reach_inches"": 72.0, ""reach_minus_height_inches"": 0.0}"
Middleweight,reach_for_size,best,1,Jared Cannonier,6.0,20,266,"{""height_inches"": 71.0, ""reach_inches"": 77.0, ""reach_minus_height_inches"": 6.0}"
Middleweight,reach_for_size,best,2,Jamie Pickett,6.0,9,798,"{""height_inches"": 74.0, ""reach_inches"": 80.0, ""reach_minus_height_inches"": 6.0}"
Middleweight,reach_for_size,best,3,Andre Muniz,5.0,10,217,"{""height_inches"": 73.0, ""reach_inches"": 78.0, ""reach_minus_height_inches"": 5.0}"
Middleweight,reach_for_size,best,4,Sedriques Dumas,5.0,8,14,"{""height_inches"": 74.0, ""reach_inches"": 79.0, ""reach_minus_height_inches"": 5.0}"
Middleweight,reach_for_size,best,5,Tafon Nchukwi,5.0,6,1001,"{""height_inches"": 72.0, ""reach_inches"": 77.0, ""reach_minus_height_inches"": 5.0}"
Middleweight,reach_for_size,worst,1,Armen Petrosyan,-4.0,7,427,"{""height_inches"": 75.0, ""reach_inches"": 71.0, ""reach_minus_height_inches"": -4.0}"
Middleweight,reach_for_size,worst,2,Julian Marquez,-2.0,8,434,"{""height_inches"": 74.0, ""reach_inches"": 72.0, ""reach_minus_height_inches"": -2.0}"
Middleweight,reach_for_size,worst,3,Shara Magomedov,-1.0,6,287,"{""height_inches"": 74.0, ""reach_inches"": 73.0, ""reach_minus_height_inches"": -1.0}"
Middleweight,reach_for_size,worst,4,Nursulton Ruziboev,-1.0,5,357,"{""height_inches"": 77.0, ""reach_inches"": 76.0, ""reach_minus_height_inches"": -1.0}"
Middleweight,reach_for_size,worst,5,Cody Brundage,0.0,13,63,"{""height_inches"": 72.0, ""reach_inches"": 72.0, ""reach_minus_height_inches"": 0.0}"
Light Heavyweight,overall,best,1,Carlos Ulberg,2.04,11,28,"{""prior_elo"": 1657.87, ""prior_win_rate"": 0.909, ""recent_5_win_rate"": 1.0, ""avg_sig_str_differential_per_15"": 89.088, ""prior_finish_win_rate"": 0.636}"
Light Heavyweight,overall,best,2,Alex Pereira,1.796,12,217,"{""prior_elo"": 1668.049, ""prior_win_rate"": 0.833, ""recent_5_win_rate"": 0.8, ""avg_sig_str_differential_per_15"": 52.617, ""prior_finish_win_rate"": 0.667}"
Light Heavyweight,overall,best,3,Magomed Ankalaev,1.505,14,217,"{""prior_elo"": 1661.169, ""prior_win_rate"": 0.857, ""recent_5_win_rate"": 0.8, ""avg_sig_str_differential_per_15"": 7.102, ""prior_finish_win_rate"": 0.429}"
Light Heavyweight,overall,best,4,Azamat Murzakanov,1.126,7,28,"{""prior_elo"": 1588.218, ""prior_win_rate"": 0.857, ""recent_5_win_rate"": 0.8, ""avg_sig_str_differential_per_15"": 21.43, ""prior_finish_win_rate"": 0.714}"
Light Heavyweight,overall,best,5,Dominick Reyes,0.847,15,28,"{""prior_elo"": 1588.408, ""prior_win_rate"": 0.667, ""recent_5_win_rate"": 0.8, ""avg_sig_str_differential_per_15"": 51.856, ""prior_finish_win_rate"": 0.467}"
Light Heavyweight,overall,worst,1,Austen Lane,-2.002,6,49,"{""prior_elo"": 1431.954, ""prior_win_rate"": 0.167, ""recent_5_win_rate"": 0.2, ""avg_sig_str_differential_per_15"": -54.856, ""prior_finish_win_rate"": 0.0}"
Light Heavyweight,overall,worst,2,Brendson Ribeiro,-1.397,7,35,"{""prior_elo"": 1449.958, ""prior_win_rate"": 0.286, ""recent_5_win_rate"": 0.4, ""avg_sig_str_differential_per_15"": -21.957, ""prior_finish_win_rate"": 0.143}"
Light Heavyweight,overall,worst,3,Marcin Prachnio,-1.135,11,294,"{""prior_elo"": 1456.678, ""prior_win_rate"": 0.364, ""recent_5_win_rate"": 0.4, ""avg_sig_str_differential_per_15"": 24.813, ""prior_finish_win_rate"": 0.091}"
Light Heavyweight,overall,worst,4,Devin Clark,-0.906,17,819,"{""prior_elo"": 1483.547, ""prior_win_rate"": 0.471, ""recent_5_win_rate"": 0.4, ""avg_sig_str_differential_per_15"": -8.337, ""prior_finish_win_rate"": 0.059}"
Light Heavyweight,overall,worst,5,Maxim Grishin,-0.796,5,1071,"{""prior_elo"": 1489.583, ""prior_win_rate"": 0.4, ""recent_5_win_rate"": 0.4, ""avg_sig_str_differential_per_15"": 16.022, ""prior_finish_win_rate"": 0.2}"
Light Heavyweight,striking,best,1,Carlos Ulberg,1.86,11,28,"{""avg_sig_str_differential_per_15"": 89.088, ""avg_sig_str_landed_per_15"": 143.76, ""avg_sig_str_absorbed_per_15"": 54.672, ""avg_sig_str_accuracy"": 0.605, ""avg_sig_str_defense"": 0.529, ""avg_kd_for"": 0.636, ""avg_kd_against"": 0.091}"
Light Heavyweight,striking,best,2,Ibo Aslan,1.661,5,154,"{""avg_sig_str_differential_per_15"": 116.069, ""avg_sig_str_landed_per_15"": 200.136, ""avg_sig_str_absorbed_per_15"": 84.067, ""avg_sig_str_accuracy"": 0.523, ""avg_sig_str_defense"": 0.399, ""avg_kd_for"": 0.4, ""avg_kd_against"": 0.4}"
Light Heavyweight,striking,best,3,Alex Pereira,1.225,12,217,"{""avg_sig_str_differential_per_15"": 52.617, ""avg_sig_str_landed_per_15"": 102.926, ""avg_sig_str_absorbed_per_15"": 50.309, ""avg_sig_str_accuracy"": 0.644, ""avg_sig_str_defense"": 0.544, ""avg_kd_for"": 0.583, ""avg_kd_against"": 0.083}"
Light Heavyweight,striking,best,4,Nikita Krylov,0.865,21,105,"{""avg_sig_str_differential_per_15"": 58.201, ""avg_sig_str_landed_per_15"": 96.951, ""avg_sig_str_absorbed_per_15"": 38.75, ""avg_sig_str_accuracy"": 0.547, ""avg_sig_str_defense"": 0.454, ""avg_kd_for"": 0.286, ""avg_kd_against"": 0.143}"
Light Heavyweight,striking,best,5,Dominick Reyes,0.859,15,28,"{""avg_sig_str_differential_per_15"": 51.856, ""avg_sig_str_landed_per_15"": 98.331, ""avg_sig_str_absorbed_per_15"": 46.475, ""avg_sig_str_accuracy"": 0.542, ""avg_sig_str_defense"": 0.534, ""avg_kd_for"": 0.467, ""avg_kd_against"": 0.267}"
Light Heavyweight,striking,worst,1,Austen Lane,-2.155,6,49,"{""avg_sig_str_differential_per_15"": -54.856, ""avg_sig_str_landed_per_15"": 38.458, ""avg_sig_str_absorbed_per_15"": 93.315, ""avg_sig_str_accuracy"": 0.47, ""avg_sig_str_defense"": 0.35, ""avg_kd_for"": 0.167, ""avg_kd_against"": 0.667}"
Light Heavyweight,striking,worst,2,Brendson Ribeiro,-1.1,7,35,"{""avg_sig_str_differential_per_15"": -21.957, ""avg_sig_str_landed_per_15"": 49.806, ""avg_sig_str_absorbed_per_15"": 71.763, ""avg_sig_str_accuracy"": 0.426, ""avg_sig_str_defense"": 0.466, ""avg_kd_for"": 0.143, ""avg_kd_against"": 0.286}"
Light Heavyweight,striking,worst,3,Alonzo Menifield,-0.978,16,168,"{""avg_sig_str_differential_per_15"": -29.257, ""avg_sig_str_landed_per_15"": 56.409, ""avg_sig_str_absorbed_per_15"": 85.666, ""avg_sig_str_accuracy"": 0.516, ""avg_sig_str_defense"": 0.547, ""avg_kd_for"": 0.188, ""avg_kd_against"": 0.312}"
Light Heavyweight,striking,worst,4,Jamahal Hill,-0.956,10,322,"{""avg_sig_str_differential_per_15"": -7.792, ""avg_sig_str_landed_per_15"": 73.862, ""avg_sig_str_absorbed_per_15"": 81.654, ""avg_sig_str_accuracy"": 0.437, ""avg_sig_str_defense"": 0.419, ""avg_kd_for"": 0.2, ""avg_kd_against"": 0.4}"
Light Heavyweight,striking,worst,5,Modestas Bukauskas,-0.84,12,105,"{""avg_sig_str_differential_per_15"": -9.47, ""avg_sig_str_landed_per_15"": 52.899, ""avg_sig_str_absorbed_per_15"": 62.369, ""avg_sig_str_accuracy"": 0.444, ""avg_sig_str_defense"": 0.514, ""avg_kd_for"": 0.083, ""avg_kd_against"": 0.417}"
Light Heavyweight,grappling,best,1,Jimmy Crute,2.208,10,224,"{""avg_td_landed_per_15"": 6.525, ""avg_td_accuracy"": 0.5, ""avg_td_defense"": 0.69, ""avg_ctrl_seconds_per_15"": 304.409, ""avg_sub_att_per_15"": 1.925, ""avg_td_absorbed_per_15"": 0.716, ""avg_ctrl_absorbed_seconds_per_15"": 117.222}"
Light Heavyweight,grappling,best,2,Oumar Sy,1.482,5,56,"{""avg_td_landed_per_15"": 3.491, ""avg_td_accuracy"": 0.33, ""avg_td_defense"": 0.75, ""avg_ctrl_seconds_per_15"": 401.545, ""avg_sub_att_per_15"": 0.807, ""avg_td_absorbed_per_15"": 0.682, ""avg_ctrl_absorbed_seconds_per_15"": 103.942}"
Light Heavyweight,grappling,best,3,Ion Cutelaba,1.173,19,56,"{""avg_td_landed_per_15"": 4.663, ""avg_td_accuracy"": 0.487, ""avg_td_defense"": 0.734, ""avg_ctrl_seconds_per_15"": 233.513, ""avg_sub_att_per_15"": 0.456, ""avg_td_absorbed_per_15"": 0.987, ""avg_ctrl_absorbed_seconds_per_15"": 140.383}"
Light Heavyweight,grappling,best,4,Alonzo Menifield,0.95,16,168,"{""avg_td_landed_per_15"": 1.319, ""avg_td_accuracy"": 0.396, ""avg_td_defense"": 0.904, ""avg_ctrl_seconds_per_15"": 230.877, ""avg_sub_att_per_15"": 0.928, ""avg_td_absorbed_per_15"": 0.386, ""avg_ctrl_absorbed_seconds_per_15"": 103.997}"
Light Heavyweight,grappling,best,5,Philipe Lins,0.768,6,791,"{""avg_td_landed_per_15"": 1.167, ""avg_td_accuracy"": 0.328, ""avg_td_defense"": 1.0, ""avg_ctrl_seconds_per_15"": 201.622, ""avg_sub_att_per_15"": 0.0, ""avg_td_absorbed_per_15"": 0.0, ""avg_ctrl_absorbed_seconds_per_15"": 28.432}"
Light Heavyweight,grappling,worst,1,Brendson Ribeiro,-1.638,7,35,"{""avg_td_landed_per_15"": 0.429, ""avg_td_accuracy"": 0.25, ""avg_td_defense"": 0.208, ""avg_ctrl_seconds_per_15"": 22.578, ""avg_sub_att_per_15"": 0.474, ""avg_td_absorbed_per_15"": 3.784, ""avg_ctrl_absorbed_seconds_per_15"": 303.118}"
Light Heavyweight,grappling,worst,2,Junior Tafa,-1.231,8,7,"{""avg_td_landed_per_15"": 0.0, ""avg_td_accuracy"": null, ""avg_td_defense"": 0.744, ""avg_ctrl_seconds_per_15"": 19.082, ""avg_sub_att_per_15"": 0.0, ""avg_td_absorbed_per_15"": 2.791, ""avg_ctrl_absorbed_seconds_per_15"": 392.314}"
Light Heavyweight,grappling,worst,3,Marcin Prachnio,-1.173,11,294,"{""avg_td_landed_per_15"": 0.091, ""avg_td_accuracy"": 0.25, ""avg_td_defense"": 0.434, ""avg_ctrl_seconds_per_15"": 39.515, ""avg_sub_att_per_15"": 0.0, ""avg_td_absorbed_per_15"": 2.38, ""avg_ctrl_absorbed_seconds_per_15"": 199.974}"
Light Heavyweight,grappling,worst,4,Ibo Aslan,-0.86,5,154,"{""avg_td_landed_per_15"": 0.0, ""avg_td_accuracy"": 0.0, ""avg_td_defense"": 0.875, ""avg_ctrl_seconds_per_15"": 12.655, ""avg_sub_att_per_15"": 0.0, ""avg_td_absorbed_per_15"": 2.105, ""avg_ctrl_absorbed_seconds_per_15"": 96.403}"
Light Heavyweight,grappling,worst,5,Bogdan Guskov,-0.836,5,287,"{""avg_td_landed_per_15"": 0.0, ""avg_td_accuracy"": null, ""avg_td_defense"": 0.417, ""avg_ctrl_seconds_per_15"": 51.895, ""avg_sub_att_per_15"": 0.702, ""avg_td_absorbed_per_15"": 1.51, ""avg_ctrl_absorbed_seconds_per_15"": 271.99}"
Light Heavyweight,wrestling,best,1,Jimmy Crute,2.471,10,224,"{""avg_td_landed_per_15"": 6.525, ""avg_td_attempted_per_15"": 12.734, ""avg_td_accuracy"": 0.5, ""avg_td_defense"": 0.69, ""avg_ctrl_seconds_per_15"": 304.409, ""avg_td_absorbed_per_15"": 0.716}"
Light Heavyweight,wrestling,best,2,Oumar Sy,1.687,5,56,"{""avg_td_landed_per_15"": 3.491, ""avg_td_attempted_per_15"": 8.057, ""avg_td_accuracy"": 0.33, ""avg_td_defense"": 0.75, ""avg_ctrl_seconds_per_15"": 401.545, ""avg_td_absorbed_per_15"": 0.682}"
Light Heavyweight,wrestling,best,3,Ion Cutelaba,1.613,19,56,"{""avg_td_landed_per_15"": 4.663, ""avg_td_attempted_per_15"": 7.609, ""avg_td_accuracy"": 0.487, ""avg_td_defense"": 0.734, ""avg_ctrl_seconds_per_15"": 233.513, ""avg_td_absorbed_per_15"": 0.987}"
Light Heavyweight,wrestling,best,4,Philipe Lins,0.774,6,791,"{""avg_td_landed_per_15"": 1.167, ""avg_td_attempted_per_15"": 3.5, ""avg_td_accuracy"": 0.328, ""avg_td_defense"": 1.0, ""avg_ctrl_seconds_per_15"": 201.622, ""avg_td_absorbed_per_15"": 0.0}"
Light Heavyweight,wrestling,best,5,Alonzo Menifield,0.745,16,168,"{""avg_td_landed_per_15"": 1.319, ""avg_td_attempted_per_15"": 2.101, ""avg_td_accuracy"": 0.396, ""avg_td_defense"": 0.904, ""avg_ctrl_seconds_per_15"": 230.877, ""avg_td_absorbed_per_15"": 0.386}"
Light Heavyweight,wrestling,worst,1,Brendson Ribeiro,-1.485,7,35,"{""avg_td_landed_per_15"": 0.429, ""avg_td_attempted_per_15"": 1.189, ""avg_td_accuracy"": 0.25, ""avg_td_defense"": 0.208, ""avg_ctrl_seconds_per_15"": 22.578, ""avg_td_absorbed_per_15"": 3.784}"
Light Heavyweight,wrestling,worst,2,Marcin Prachnio,-1.084,11,294,"{""avg_td_landed_per_15"": 0.091, ""avg_td_attempted_per_15"": 0.463, ""avg_td_accuracy"": 0.25, ""avg_td_defense"": 0.434, ""avg_ctrl_seconds_per_15"": 39.515, ""avg_td_absorbed_per_15"": 2.38}"
Light Heavyweight,wrestling,worst,3,Ibo Aslan,-0.885,5,154,"{""avg_td_landed_per_15"": 0.0, ""avg_td_attempted_per_15"": 2.022, ""avg_td_accuracy"": 0.0, ""avg_td_defense"": 0.875, ""avg_ctrl_seconds_per_15"": 12.655, ""avg_td_absorbed_per_15"": 2.105}"
Light Heavyweight,wrestling,worst,4,Bogdan Guskov,-0.877,5,287,"{""avg_td_landed_per_15"": 0.0, ""avg_td_attempted_per_15"": 0.0, ""avg_td_accuracy"": null, ""avg_td_defense"": 0.417, ""avg_ctrl_seconds_per_15"": 51.895, ""avg_td_absorbed_per_15"": 1.51}"
Light Heavyweight,wrestling,worst,5,Junior Tafa,-0.863,8,7,"{""avg_td_landed_per_15"": 0.0, ""avg_td_attempted_per_15"": 0.0, ""avg_td_accuracy"": null, ""avg_td_defense"": 0.744, ""avg_ctrl_seconds_per_15"": 19.082, ""avg_td_absorbed_per_15"": 2.791}"
Light Heavyweight,finishing,best,1,Bogdan Guskov,1.53,5,287,"{""prior_finish_win_rate"": 0.8, ""avg_kd_for"": 0.6, ""avg_sub_att_per_15"": 0.702, ""prior_win_rate"": 0.8}"
Light Heavyweight,finishing,best,2,Azamat Murzakanov,1.407,7,28,"{""prior_finish_win_rate"": 0.714, ""avg_kd_for"": 0.857, ""avg_sub_att_per_15"": 0.188, ""prior_win_rate"": 0.857}"
Light Heavyweight,finishing,best,3,Alex Pereira,1.022,12,217,"{""prior_finish_win_rate"": 0.667, ""avg_kd_for"": 0.583, ""avg_sub_att_per_15"": 0.22, ""prior_win_rate"": 0.833}"
Light Heavyweight,finishing,best,4,Carlos Ulberg,0.995,11,28,"{""prior_finish_win_rate"": 0.636, ""avg_kd_for"": 0.636, ""avg_sub_att_per_15"": 0.092, ""prior_win_rate"": 0.909}"
Light Heavyweight,finishing,best,5,Jimmy Crute,0.969,10,224,"{""prior_finish_win_rate"": 0.6, ""avg_kd_for"": 0.3, ""avg_sub_att_per_15"": 1.925, ""prior_win_rate"": 0.6}"
Light Heavyweight,finishing,worst,1,Austen Lane,-1.657,6,49,"{""prior_finish_win_rate"": 0.0, ""avg_kd_for"": 0.167, ""avg_sub_att_per_15"": 0.0, ""prior_win_rate"": 0.167}"
Light Heavyweight,finishing,worst,2,Marcin Prachnio,-1.357,11,294,"{""prior_finish_win_rate"": 0.091, ""avg_kd_for"": 0.091, ""avg_sub_att_per_15"": 0.0, ""prior_win_rate"": 0.364}"
Light Heavyweight,finishing,worst,3,Devin Clark,-1.243,17,819,"{""prior_finish_win_rate"": 0.059, ""avg_kd_for"": 0.176, ""avg_sub_att_per_15"": 0.178, ""prior_win_rate"": 0.471}"
Light Heavyweight,finishing,worst,4,Brendson Ribeiro,-1.068,7,35,"{""prior_finish_win_rate"": 0.143, ""avg_kd_for"": 0.143, ""avg_sub_att_per_15"": 0.474, ""prior_win_rate"": 0.286}"
Light Heavyweight,finishing,worst,5,Philipe Lins,-0.892,6,791,"{""prior_finish_win_rate"": 0.167, ""avg_kd_for"": 0.167, ""avg_sub_att_per_15"": 0.0, ""prior_win_rate"": 0.667}"
Light Heavyweight,defense,best,1,Magomed Ankalaev,1.255,14,217,"{""avg_sig_str_defense"": 0.598, ""avg_td_defense"": 0.943, ""avg_sig_str_absorbed_per_15"": 60.358, ""avg_td_absorbed_per_15"": 0.214, ""avg_ctrl_absorbed_seconds_per_15"": 44.504, ""avg_kd_against"": 0.071, ""prior_finish_loss_rate"": 0.143}"
Light Heavyweight,defense,best,2,Azamat Murzakanov,1.134,7,28,"{""avg_sig_str_defense"": 0.558, ""avg_td_defense"": 0.944, ""avg_sig_str_absorbed_per_15"": 45.684, ""avg_td_absorbed_per_15"": 0.143, ""avg_ctrl_absorbed_seconds_per_15"": 86.757, ""avg_kd_against"": 0.143, ""prior_finish_loss_rate"": 0.143}"
Light Heavyweight,defense,best,3,Carlos Ulberg,1.059,11,28,"{""avg_sig_str_defense"": 0.529, ""avg_td_defense"": 0.9, ""avg_sig_str_absorbed_per_15"": 54.672, ""avg_td_absorbed_per_15"": 0.092, ""avg_ctrl_absorbed_seconds_per_15"": 4.473, ""avg_kd_against"": 0.091, ""prior_finish_loss_rate"": 0.091}"
Light Heavyweight,defense,best,4,Philipe Lins,0.883,6,791,"{""avg_sig_str_defense"": 0.481, ""avg_td_defense"": 1.0, ""avg_sig_str_absorbed_per_15"": 52.37, ""avg_td_absorbed_per_15"": 0.0, ""avg_ctrl_absorbed_seconds_per_15"": 28.432, ""avg_kd_against"": 0.167, ""prior_finish_loss_rate"": 0.167}"
Light Heavyweight,defense,best,5,Oumar Sy,0.871,5,56,"{""avg_sig_str_defense"": 0.522, ""avg_td_defense"": 0.75, ""avg_sig_str_absorbed_per_15"": 26.758, ""avg_td_absorbed_per_15"": 0.682, ""avg_ctrl_absorbed_seconds_per_15"": 103.942, ""avg_kd_against"": 0.0, ""prior_finish_loss_rate"": 0.2}"
Light Heavyweight,defense,worst,1,Brendson Ribeiro,-1.776,7,35,"{""avg_sig_str_defense"": 0.466, ""avg_td_defense"": 0.208, ""avg_sig_str_absorbed_per_15"": 71.763, ""avg_td_absorbed_per_15"": 3.784, ""avg_ctrl_absorbed_seconds_per_15"": 303.118, ""avg_kd_against"": 0.286, ""prior_finish_loss_rate"": 0.571}"
Light Heavyweight,defense,worst,2,Austen Lane,-1.769,6,49,"{""avg_sig_str_defense"": 0.35, ""avg_td_defense"": 0.5, ""avg_sig_str_absorbed_per_15"": 93.315, ""avg_td_absorbed_per_15"": 0.586, ""avg_ctrl_absorbed_seconds_per_15"": 156.877, ""avg_kd_against"": 0.667, ""prior_finish_loss_rate"": 0.833}"
Light Heavyweight,defense,worst,3,Paul Craig,-1.065,19,245,"{""avg_sig_str_defense"": 0.444, ""avg_td_defense"": 0.238, ""avg_sig_str_absorbed_per_15"": 50.154, ""avg_td_absorbed_per_15"": 1.106, ""avg_ctrl_absorbed_seconds_per_15"": 343.343, ""avg_kd_against"": 0.211, ""prior_finish_loss_rate"": 0.421}"
Light Heavyweight,defense,worst,4,Bogdan Guskov,-0.77,5,287,"{""avg_sig_str_defense"": 0.44, ""avg_td_defense"": 0.417, ""avg_sig_str_absorbed_per_15"": 58.369, ""avg_td_absorbed_per_15"": 1.51, ""avg_ctrl_absorbed_seconds_per_15"": 271.99, ""avg_kd_against"": 0.2, ""prior_finish_loss_rate"": 0.2}"
Light Heavyweight,defense,worst,5,Ibo Aslan,-0.732,5,154,"{""avg_sig_str_defense"": 0.399, ""avg_td_defense"": 0.875, ""avg_sig_str_absorbed_per_15"": 84.067, ""avg_td_absorbed_per_15"": 2.105, ""avg_ctrl_absorbed_seconds_per_15"": 96.403, ""avg_kd_against"": 0.4, ""prior_finish_loss_rate"": 0.4}"
Light Heavyweight,elo,best,1,Alex Pereira,1668.049,12,217,"{""prior_elo"": 1668.049, ""prior_peak_elo"": 1668.049, ""prior_win_rate"": 0.833, ""prior_fights"": 12}"
Light Heavyweight,elo,best,2,Magomed Ankalaev,1661.169,14,217,"{""prior_elo"": 1661.169, ""prior_peak_elo"": 1683.315, ""prior_win_rate"": 0.857, ""prior_fights"": 14}"
Light Heavyweight,elo,best,3,Carlos Ulberg,1657.87,11,28,"{""prior_elo"": 1657.87, ""prior_peak_elo"": 1657.87, ""prior_win_rate"": 0.909, ""prior_fights"": 11}"
Light Heavyweight,elo,best,4,Jan Blachowicz,1601.207,20,413,"{""prior_elo"": 1601.207, ""prior_peak_elo"": 1633.667, ""prior_win_rate"": 0.6, ""prior_fights"": 20}"
Light Heavyweight,elo,best,5,Paulo Costa,1593.635,12,28,"{""prior_elo"": 1593.635, ""prior_peak_elo"": 1596.456, ""prior_win_rate"": 0.667, ""prior_fights"": 12}"
Light Heavyweight,elo,worst,1,Austen Lane,1431.954,6,49,"{""prior_elo"": 1431.954, ""prior_peak_elo"": 1480.691, ""prior_win_rate"": 0.167, ""prior_fights"": 6}"
Light Heavyweight,elo,worst,2,Brendson Ribeiro,1449.958,7,35,"{""prior_elo"": 1449.958, ""prior_peak_elo"": 1497.059, ""prior_win_rate"": 0.286, ""prior_fights"": 7}"
Light Heavyweight,elo,worst,3,Marcin Prachnio,1456.678,11,294,"{""prior_elo"": 1456.678, ""prior_peak_elo"": 1487.386, ""prior_win_rate"": 0.364, ""prior_fights"": 11}"
Light Heavyweight,elo,worst,4,Ibo Aslan,1480.669,5,154,"{""prior_elo"": 1480.669, ""prior_peak_elo"": 1536.31, ""prior_win_rate"": 0.4, ""prior_fights"": 5}"
Light Heavyweight,elo,worst,5,Devin Clark,1483.547,17,819,"{""prior_elo"": 1483.547, ""prior_peak_elo"": 1526.917, ""prior_win_rate"": 0.471, ""prior_fights"": 17}"
Light Heavyweight,experience,best,1,Ovince Saint Preux,28.0,28,581,"{""prior_fights"": 28, ""prior_wins"": 15, ""prior_losses"": 13, ""prior_win_rate"": 0.536}"
Light Heavyweight,experience,best,2,Anthony Smith,25.0,25,378,"{""prior_fights"": 25, ""prior_wins"": 13, ""prior_losses"": 12, ""prior_win_rate"": 0.52}"
Light Heavyweight,experience,best,3,Nikita Krylov,21.0,21,105,"{""prior_fights"": 21, ""prior_wins"": 12, ""prior_losses"": 9, ""prior_win_rate"": 0.571}"
Light Heavyweight,experience,best,4,Jan Blachowicz,20.0,20,413,"{""prior_fights"": 20, ""prior_wins"": 12, ""prior_losses"": 8, ""prior_win_rate"": 0.6}"
Light Heavyweight,experience,best,5,Ion Cutelaba,19.0,19,56,"{""prior_fights"": 19, ""prior_wins"": 9, ""prior_losses"": 10, ""prior_win_rate"": 0.474}"
Light Heavyweight,experience,worst,1,Bogdan Guskov,5.0,5,287,"{""prior_fights"": 5, ""prior_wins"": 4, ""prior_losses"": 1, ""prior_win_rate"": 0.8}"
Light Heavyweight,experience,worst,2,Maxim Grishin,5.0,5,1071,"{""prior_fights"": 5, ""prior_wins"": 2, ""prior_losses"": 3, ""prior_win_rate"": 0.4}"
Light Heavyweight,experience,worst,3,Oumar Sy,5.0,5,56,"{""prior_fights"": 5, ""prior_wins"": 3, ""prior_losses"": 2, ""prior_win_rate"": 0.6}"
Light Heavyweight,experience,worst,4,Ibo Aslan,5.0,5,154,"{""prior_fights"": 5, ""prior_wins"": 2, ""prior_losses"": 3, ""prior_win_rate"": 0.4}"
Light Heavyweight,experience,worst,5,Philipe Lins,6.0,6,791,"{""prior_fights"": 6, ""prior_wins"": 4, ""prior_losses"": 2, ""prior_win_rate"": 0.667}"
Light Heavyweight,reach,best,1,Oumar Sy,83.0,5,56,"{""height_inches"": 76.0, ""reach_inches"": 83.0, ""reach_minus_height_inches"": 7.0}"
Light Heavyweight,reach,best,2,Johnny Walker,82.0,15,28,"{""height_inches"": 78.0, ""reach_inches"": 82.0, ""reach_minus_height_inches"": 4.0}"
Light Heavyweight,reach,best,3,Brendson Ribeiro,81.0,7,35,"{""height_inches"": 75.0, ""reach_inches"": 81.0, ""reach_minus_height_inches"": 6.0}"
Light Heavyweight,reach,best,4,Austen Lane,80.0,6,49,"{""height_inches"": 78.0, ""reach_inches"": 80.0, ""reach_minus_height_inches"": 2.0}"
Light Heavyweight,reach,best,5,Jiri Prochazka,80.0,9,28,"{""height_inches"": 75.0, ""reach_inches"": 80.0, ""reach_minus_height_inches"": 5.0}"
Light Heavyweight,reach,worst,1,Azamat Murzakanov,71.0,7,28,"{""height_inches"": 70.0, ""reach_inches"": 71.0, ""reach_minus_height_inches"": 1.0}"
Light Heavyweight,reach,worst,2,Paulo Costa,72.0,12,28,"{""height_inches"": 73.0, ""reach_inches"": 72.0, ""reach_minus_height_inches"": -1.0}"
Light Heavyweight,reach,worst,3,Marcin Prachnio,73.0,11,294,"{""height_inches"": 75.0, ""reach_inches"": 73.0, ""reach_minus_height_inches"": -2.0}"
Light Heavyweight,reach,worst,4,Jimmy Crute,74.0,10,224,"{""height_inches"": 74.0, ""reach_inches"": 74.0, ""reach_minus_height_inches"": 0.0}"
Light Heavyweight,reach,worst,5,Volkan Oezdemir,75.0,16,168,"{""height_inches"": 74.0, ""reach_inches"": 75.0, ""reach_minus_height_inches"": 1.0}"
Light Heavyweight,reach_for_size,best,1,Oumar Sy,7.0,5,56,"{""height_inches"": 76.0, ""reach_inches"": 83.0, ""reach_minus_height_inches"": 7.0}"
Light Heavyweight,reach_for_size,best,2,Brendson Ribeiro,6.0,7,35,"{""height_inches"": 75.0, ""reach_inches"": 81.0, ""reach_minus_height_inches"": 6.0}"
Light Heavyweight,reach_for_size,best,3,Ovince Saint Preux,5.0,28,581,"{""height_inches"": 75.0, ""reach_inches"": 80.0, ""reach_minus_height_inches"": 5.0}"
Light Heavyweight,reach_for_size,best,4,Jiri Prochazka,5.0,9,28,"{""height_inches"": 75.0, ""reach_inches"": 80.0, ""reach_minus_height_inches"": 5.0}"
Light Heavyweight,reach_for_size,best,5,Tyson Pedro,4.0,11,798,"{""height_inches"": 75.0, ""reach_inches"": 79.0, ""reach_minus_height_inches"": 4.0}"
Light Heavyweight,reach_for_size,worst,1,Marcin Prachnio,-2.0,11,294,"{""height_inches"": 75.0, ""reach_inches"": 73.0, ""reach_minus_height_inches"": -2.0}"
Light Heavyweight,reach_for_size,worst,2,Paulo Costa,-1.0,12,28,"{""height_inches"": 73.0, ""reach_inches"": 72.0, ""reach_minus_height_inches"": -1.0}"
Light Heavyweight,reach_for_size,worst,3,Anthony Smith,0.0,25,378,"{""height_inches"": 76.0, ""reach_inches"": 76.0, ""reach_minus_height_inches"": 0.0}"
Light Heavyweight,reach_for_size,worst,4,Magomed Ankalaev,0.0,14,217,"{""height_inches"": 75.0, ""reach_inches"": 75.0, ""reach_minus_height_inches"": 0.0}"
Light Heavyweight,reach_for_size,worst,5,Junior Tafa,0.0,8,7,"{""height_inches"": 75.0, ""reach_inches"": 75.0, ""reach_minus_height_inches"": 0.0}"
Heavyweight,overall,best,1,Jon Jones,2.401,23,539,"{""prior_elo"": 1793.811, ""prior_win_rate"": 0.957, ""recent_5_win_rate"": 1.0, ""avg_sig_str_differential_per_15"": 38.673, ""prior_finish_win_rate"": 0.522}"
Heavyweight,overall,best,2,Tom Aspinall,1.613,9,651,"{""prior_elo"": 1638.584, ""prior_win_rate"": 0.889, ""recent_5_win_rate"": 0.8, ""avg_sig_str_differential_per_15"": 85.33, ""prior_finish_win_rate"": 0.889}"
Heavyweight,overall,best,3,Ciryl Gane,1.202,12,518,"{""prior_elo"": 1653.704, ""prior_win_rate"": 0.833, ""recent_5_win_rate"": 0.6, ""avg_sig_str_differential_per_15"": 52.705, ""prior_finish_win_rate"": 0.5}"
Heavyweight,overall,best,4,Alexander Volkov,1.174,19,0,"{""prior_elo"": 1661.434, ""prior_win_rate"": 0.737, ""recent_5_win_rate"": 0.8, ""avg_sig_str_differential_per_15"": 40.278, ""prior_finish_win_rate"": 0.368}"
Heavyweight,overall,best,5,Sergei Pavlovich,0.912,11,259,"{""prior_elo"": 1611.897, ""prior_win_rate"": 0.727, ""recent_5_win_rate"": 0.6, ""avg_sig_str_differential_per_15"": 66.799, ""prior_finish_win_rate"": 0.545}"
Heavyweight,overall,worst,1,Lukasz Brzeski,-1.568,7,294,"{""prior_elo"": 1428.984, ""prior_win_rate"": 0.143, ""recent_5_win_rate"": 0.2, ""avg_sig_str_differential_per_15"": 1.258, ""prior_finish_win_rate"": 0.0}"
Heavyweight,overall,worst,2,Chase Sherman,-1.441,15,1092,"{""prior_elo"": 1416.515, ""prior_win_rate"": 0.267, ""recent_5_win_rate"": 0.2, ""avg_sig_str_differential_per_15"": -7.326, ""prior_finish_win_rate"": 0.2}"
Heavyweight,overall,worst,3,Josh Parisian,-1.4,7,791,"{""prior_elo"": 1448.022, ""prior_win_rate"": 0.286, ""recent_5_win_rate"": 0.2, ""avg_sig_str_differential_per_15"": -47.162, ""prior_finish_win_rate"": 0.143}"
Heavyweight,overall,worst,4,Jake Collier,-1.208,14,959,"{""prior_elo"": 1438.61, ""prior_win_rate"": 0.357, ""recent_5_win_rate"": 0.2, ""avg_sig_str_differential_per_15"": 2.48, ""prior_finish_win_rate"": 0.143}"
Heavyweight,overall,worst,5,Don'Tale Mayes,-1.061,11,371,"{""prior_elo"": 1466.059, ""prior_win_rate"": 0.364, ""recent_5_win_rate"": 0.2, ""avg_sig_str_differential_per_15"": -9.728, ""prior_finish_win_rate"": 0.182}"
Heavyweight,striking,best,1,Tom Aspinall,2.668,9,651,"{""avg_sig_str_differential_per_15"": 85.33, ""avg_sig_str_landed_per_15"": 148.281, ""avg_sig_str_absorbed_per_15"": 62.951, ""avg_sig_str_accuracy"": 0.702, ""avg_sig_str_defense"": 0.692, ""avg_kd_for"": 0.556, ""avg_kd_against"": 0.0}"
Heavyweight,striking,best,2,Sergei Pavlovich,1.673,11,259,"{""avg_sig_str_differential_per_15"": 66.799, ""avg_sig_str_landed_per_15"": 130.727, ""avg_sig_str_absorbed_per_15"": 63.928, ""avg_sig_str_accuracy"": 0.453, ""avg_sig_str_defense"": 0.537, ""avg_kd_for"": 0.636, ""avg_kd_against"": 0.091}"
Heavyweight,striking,best,3,Ciryl Gane,1.465,12,518,"{""avg_sig_str_differential_per_15"": 52.705, ""avg_sig_str_landed_per_15"": 83.595, ""avg_sig_str_absorbed_per_15"": 30.89, ""avg_sig_str_accuracy"": 0.65, ""avg_sig_str_defense"": 0.635, ""avg_kd_for"": 0.25, ""avg_kd_against"": 0.083}"
Heavyweight,striking,best,4,Jairzinho Rozenstruik,1.428,15,462,"{""avg_sig_str_differential_per_15"": 56.949, ""avg_sig_str_landed_per_15"": 117.255, ""avg_sig_str_absorbed_per_15"": 60.306, ""avg_sig_str_accuracy"": 0.523, ""avg_sig_str_defense"": 0.525, ""avg_kd_for"": 0.467, ""avg_kd_against"": 0.067}"
Heavyweight,striking,best,5,Jon Jones,1.089,23,539,"{""avg_sig_str_differential_per_15"": 38.673, ""avg_sig_str_landed_per_15"": 66.58, ""avg_sig_str_absorbed_per_15"": 27.907, ""avg_sig_str_accuracy"": 0.598, ""avg_sig_str_defense"": 0.639, ""avg_kd_for"": 0.217, ""avg_kd_against"": 0.0}"
Heavyweight,striking,worst,1,Chris Barnett,-1.632,6,196,"{""avg_sig_str_differential_per_15"": -48.264, ""avg_sig_str_landed_per_15"": 57.387, ""avg_sig_str_absorbed_per_15"": 105.651, ""avg_sig_str_accuracy"": 0.465, ""avg_sig_str_defense"": 0.37, ""avg_kd_for"": 0.167, ""avg_kd_against"": 0.333}"
Heavyweight,striking,worst,2,Josh Parisian,-1.612,7,791,"{""avg_sig_str_differential_per_15"": -47.162, ""avg_sig_str_landed_per_15"": 73.213, ""avg_sig_str_absorbed_per_15"": 120.376, ""avg_sig_str_accuracy"": 0.485, ""avg_sig_str_defense"": 0.381, ""avg_kd_for"": 0.0, ""avg_kd_against"": 0.286}"
Heavyweight,striking,worst,3,Rodrigo Nascimento,-1.532,7,553,"{""avg_sig_str_differential_per_15"": -39.832, ""avg_sig_str_landed_per_15"": 47.172, ""avg_sig_str_absorbed_per_15"": 87.005, ""avg_sig_str_accuracy"": 0.455, ""avg_sig_str_defense"": 0.444, ""avg_kd_for"": 0.0, ""avg_kd_against"": 0.429}"
Heavyweight,striking,worst,4,Shamil Gaziev,-0.945,6,7,"{""avg_sig_str_differential_per_15"": -20.147, ""avg_sig_str_landed_per_15"": 62.212, ""avg_sig_str_absorbed_per_15"": 82.359, ""avg_sig_str_accuracy"": 0.457, ""avg_sig_str_defense"": 0.494, ""avg_kd_for"": 0.167, ""avg_kd_against"": 0.5}"
Heavyweight,striking,worst,5,Parker Porter,-0.871,8,987,"{""avg_sig_str_differential_per_15"": -11.98, ""avg_sig_str_landed_per_15"": 83.131, ""avg_sig_str_absorbed_per_15"": 95.111, ""avg_sig_str_accuracy"": 0.451, ""avg_sig_str_defense"": 0.47, ""avg_kd_for"": 0.0, ""avg_kd_against"": 0.5}"
Heavyweight,grappling,best,1,Valter Walker,3.181,5,196,"{""avg_td_landed_per_15"": 9.83, ""avg_td_accuracy"": 0.693, ""avg_td_defense"": null, ""avg_ctrl_seconds_per_15"": 525.444, ""avg_sub_att_per_15"": 8.422, ""avg_td_absorbed_per_15"": 0.0, ""avg_ctrl_absorbed_seconds_per_15"": 18.6}"
Heavyweight,grappling,best,2,Jailton Almeida,1.966,11,91,"{""avg_td_landed_per_15"": 7.015, ""avg_td_accuracy"": 0.634, ""avg_td_defense"": 0.5, ""avg_ctrl_seconds_per_15"": 686.385, ""avg_sub_att_per_15"": 2.609, ""avg_td_absorbed_per_15"": 0.279, ""avg_ctrl_absorbed_seconds_per_15"": 93.044}"
Heavyweight,grappling,best,3,Jon Jones,1.212,23,539,"{""avg_td_landed_per_15"": 3.351, ""avg_td_accuracy"": 0.599, ""avg_td_defense"": 0.977, ""avg_ctrl_seconds_per_15"": 289.737, ""avg_sub_att_per_15"": 0.852, ""avg_td_absorbed_per_15"": 0.052, ""avg_ctrl_absorbed_seconds_per_15"": 15.01}"
Heavyweight,grappling,best,4,Tom Aspinall,1.136,9,651,"{""avg_td_landed_per_15"": 2.213, ""avg_td_accuracy"": 1.0, ""avg_td_defense"": 1.0, ""avg_ctrl_seconds_per_15"": 157.232, ""avg_sub_att_per_15"": 0.715, ""avg_td_absorbed_per_15"": 0.0, ""avg_ctrl_absorbed_seconds_per_15"": 6.667}"
Heavyweight,grappling,best,5,Vitor Petrino,0.972,9,56,"{""avg_td_landed_per_15"": 3.257, ""avg_td_accuracy"": 0.468, ""avg_td_defense"": 0.917, ""avg_ctrl_seconds_per_15"": 304.669, ""avg_sub_att_per_15"": 1.136, ""avg_td_absorbed_per_15"": 0.556, ""avg_ctrl_absorbed_seconds_per_15"": 58.3}"
Heavyweight,grappling,worst,1,Lukasz Brzeski,-1.712,7,294,"{""avg_td_landed_per_15"": 0.0, ""avg_td_accuracy"": 0.0, ""avg_td_defense"": 0.195, ""avg_ctrl_seconds_per_15"": 10.286, ""avg_sub_att_per_15"": 0.0, ""avg_td_absorbed_per_15"": 2.484, ""avg_ctrl_absorbed_seconds_per_15"": 258.052}"
Heavyweight,grappling,worst,2,Chris Barnett,-1.573,6,196,"{""avg_td_landed_per_15"": 0.0, ""avg_td_accuracy"": 0.0, ""avg_td_defense"": 0.286, ""avg_ctrl_seconds_per_15"": 31.054, ""avg_sub_att_per_15"": 0.0, ""avg_td_absorbed_per_15"": 2.189, ""avg_ctrl_absorbed_seconds_per_15"": 282.685}"
Heavyweight,grappling,worst,3,Don'Tale Mayes,-1.234,11,371,"{""avg_td_landed_per_15"": 0.7, ""avg_td_accuracy"": 0.208, ""avg_td_defense"": 0.426, ""avg_ctrl_seconds_per_15"": 123.936, ""avg_sub_att_per_15"": 0.0, ""avg_td_absorbed_per_15"": 2.906, ""avg_ctrl_absorbed_seconds_per_15"": 321.121}"
Heavyweight,grappling,worst,4,Jhonata Diniz,-1.21,5,210,"{""avg_td_landed_per_15"": 0.0, ""avg_td_accuracy"": null, ""avg_td_defense"": 0.633, ""avg_ctrl_seconds_per_15"": 27.079, ""avg_sub_att_per_15"": 0.0, ""avg_td_absorbed_per_15"": 2.298, ""avg_ctrl_absorbed_seconds_per_15"": 421.702}"
Heavyweight,grappling,worst,5,Josh Parisian,-1.17,7,791,"{""avg_td_landed_per_15"": 1.083, ""avg_td_accuracy"": 0.348, ""avg_td_defense"": 0.324, ""avg_ctrl_seconds_per_15"": 112.073, ""avg_sub_att_per_15"": 0.0, ""avg_td_absorbed_per_15"": 2.469, ""avg_ctrl_absorbed_seconds_per_15"": 336.453}"
Heavyweight,wrestling,best,1,Valter Walker,2.671,5,196,"{""avg_td_landed_per_15"": 9.83, ""avg_td_attempted_per_15"": 16.309, ""avg_td_accuracy"": 0.693, ""avg_td_defense"": null, ""avg_ctrl_seconds_per_15"": 525.444, ""avg_td_absorbed_per_15"": 0.0}"
Heavyweight,wrestling,best,2,Jailton Almeida,2.091,11,91,"{""avg_td_landed_per_15"": 7.015, ""avg_td_attempted_per_15"": 10.954, ""avg_td_accuracy"": 0.634, ""avg_td_defense"": 0.5, ""avg_ctrl_seconds_per_15"": 686.385, ""avg_td_absorbed_per_15"": 0.279}"
Heavyweight,wrestling,best,3,Jon Jones,1.146,23,539,"{""avg_td_landed_per_15"": 3.351, ""avg_td_attempted_per_15"": 5.494, ""avg_td_accuracy"": 0.599, ""avg_td_defense"": 0.977, ""avg_ctrl_seconds_per_15"": 289.737, ""avg_td_absorbed_per_15"": 0.052}"
Heavyweight,wrestling,best,4,Serghei Spivac,1.115,15,77,"{""avg_td_landed_per_15"": 6.184, ""avg_td_attempted_per_15"": 9.461, ""avg_td_accuracy"": 0.539, ""avg_td_defense"": 0.417, ""avg_ctrl_seconds_per_15"": 322.468, ""avg_td_absorbed_per_15"": 0.405}"
Heavyweight,wrestling,best,5,Alexandr Romanov,1.099,10,553,"{""avg_td_landed_per_15"": 5.369, ""avg_td_attempted_per_15"": 11.095, ""avg_td_accuracy"": 0.579, ""avg_td_defense"": 0.35, ""avg_ctrl_seconds_per_15"": 456.984, ""avg_td_absorbed_per_15"": 1.154}"
Heavyweight,wrestling,worst,1,Lukasz Brzeski,-1.572,7,294,"{""avg_td_landed_per_15"": 0.0, ""avg_td_attempted_per_15"": 1.027, ""avg_td_accuracy"": 0.0, ""avg_td_defense"": 0.195, ""avg_ctrl_seconds_per_15"": 10.286, ""avg_td_absorbed_per_15"": 2.484}"
Heavyweight,wrestling,worst,2,Chris Barnett,-1.4,6,196,"{""avg_td_landed_per_15"": 0.0, ""avg_td_attempted_per_15"": 0.913, ""avg_td_accuracy"": 0.0, ""avg_td_defense"": 0.286, ""avg_ctrl_seconds_per_15"": 31.054, ""avg_td_absorbed_per_15"": 2.189}"
Heavyweight,wrestling,worst,3,Don'Tale Mayes,-0.955,11,371,"{""avg_td_landed_per_15"": 0.7, ""avg_td_attempted_per_15"": 1.522, ""avg_td_accuracy"": 0.208, ""avg_td_defense"": 0.426, ""avg_ctrl_seconds_per_15"": 123.936, ""avg_td_absorbed_per_15"": 2.906}"
Heavyweight,wrestling,worst,4,Jairzinho Rozenstruik,-0.931,15,462,"{""avg_td_landed_per_15"": 0.0, ""avg_td_attempted_per_15"": 0.05, ""avg_td_accuracy"": 0.0, ""avg_td_defense"": 0.597, ""avg_ctrl_seconds_per_15"": 37.409, ""avg_td_absorbed_per_15"": 1.152}"
Heavyweight,wrestling,worst,5,Jhonata Diniz,-0.854,5,210,"{""avg_td_landed_per_15"": 0.0, ""avg_td_attempted_per_15"": 0.0, ""avg_td_accuracy"": null, ""avg_td_defense"": 0.633, ""avg_ctrl_seconds_per_15"": 27.079, ""avg_td_absorbed_per_15"": 2.298}"
Heavyweight,finishing,best,1,Valter Walker,2.03,5,196,"{""prior_finish_win_rate"": 0.8, ""avg_kd_for"": 0.0, ""avg_sub_att_per_15"": 8.422, ""prior_win_rate"": 0.8}"
Heavyweight,finishing,best,2,Tom Aspinall,1.897,9,651,"{""prior_finish_win_rate"": 0.889, ""avg_kd_for"": 0.556, ""avg_sub_att_per_15"": 0.715, ""prior_win_rate"": 0.889}"
Heavyweight,finishing,best,3,Sergei Pavlovich,0.965,11,259,"{""prior_finish_win_rate"": 0.545, ""avg_kd_for"": 0.636, ""avg_sub_att_per_15"": 0.0, ""prior_win_rate"": 0.727}"
Heavyweight,finishing,best,4,Ryan Spann,0.864,16,14,"{""prior_finish_win_rate"": 0.5, ""avg_kd_for"": 0.375, ""avg_sub_att_per_15"": 2.735, ""prior_win_rate"": 0.625}"
Heavyweight,finishing,best,5,Jailton Almeida,0.791,11,91,"{""prior_finish_win_rate"": 0.636, ""avg_kd_for"": 0.0, ""avg_sub_att_per_15"": 2.609, ""prior_win_rate"": 0.727}"
Heavyweight,finishing,worst,1,Lukasz Brzeski,-1.441,7,294,"{""prior_finish_win_rate"": 0.0, ""avg_kd_for"": 0.0, ""avg_sub_att_per_15"": 0.0, ""prior_win_rate"": 0.143}"
Heavyweight,finishing,worst,2,Blagoy Ivanov,-1.152,8,1043,"{""prior_finish_win_rate"": 0.0, ""avg_kd_for"": 0.125, ""avg_sub_att_per_15"": 0.125, ""prior_win_rate"": 0.375}"
Heavyweight,finishing,worst,3,Thomas Petersen,-1.03,6,35,"{""prior_finish_win_rate"": 0.0, ""avg_kd_for"": 0.167, ""avg_sub_att_per_15"": 0.167, ""prior_win_rate"": 0.5}"
Heavyweight,finishing,worst,4,Josh Parisian,-1.014,7,791,"{""prior_finish_win_rate"": 0.143, ""avg_kd_for"": 0.0, ""avg_sub_att_per_15"": 0.0, ""prior_win_rate"": 0.286}"
Heavyweight,finishing,worst,5,Parker Porter,-0.927,8,987,"{""prior_finish_win_rate"": 0.125, ""avg_kd_for"": 0.0, ""avg_sub_att_per_15"": 0.125, ""prior_win_rate"": 0.5}"
Heavyweight,defense,best,1,Jon Jones,1.718,23,539,"{""avg_sig_str_defense"": 0.639, ""avg_td_defense"": 0.977, ""avg_sig_str_absorbed_per_15"": 27.907, ""avg_td_absorbed_per_15"": 0.052, ""avg_ctrl_absorbed_seconds_per_15"": 15.01, ""avg_kd_against"": 0.0, ""prior_finish_loss_rate"": 0.0}"
Heavyweight,defense,best,2,Tom Aspinall,1.551,9,651,"{""avg_sig_str_defense"": 0.692, ""avg_td_defense"": 1.0, ""avg_sig_str_absorbed_per_15"": 62.951, ""avg_td_absorbed_per_15"": 0.0, ""avg_ctrl_absorbed_seconds_per_15"": 6.667, ""avg_kd_against"": 0.0, ""prior_finish_loss_rate"": 0.111}"
Heavyweight,defense,best,3,Ilir Latifi,1.232,16,1085,"{""avg_sig_str_defense"": 0.588, ""avg_td_defense"": 1.0, ""avg_sig_str_absorbed_per_15"": 41.21, ""avg_td_absorbed_per_15"": 0.0, ""avg_ctrl_absorbed_seconds_per_15"": 13.587, ""avg_kd_against"": 0.188, ""prior_finish_loss_rate"": 0.188}"
Heavyweight,defense,best,4,Mick Parkin,0.914,5,413,"{""avg_sig_str_defense"": 0.57, ""avg_td_defense"": 0.833, ""avg_sig_str_absorbed_per_15"": 67.281, ""avg_td_absorbed_per_15"": 0.2, ""avg_ctrl_absorbed_seconds_per_15"": 31.6, ""avg_kd_against"": 0.0, ""prior_finish_loss_rate"": 0.0}"
Heavyweight,defense,best,5,Waldo Cortes Acosta,0.88,13,0,"{""avg_sig_str_defense"": 0.544, ""avg_td_defense"": 0.842, ""avg_sig_str_absorbed_per_15"": 54.423, ""avg_td_absorbed_per_15"": 0.462, ""avg_ctrl_absorbed_seconds_per_15"": 52.677, ""avg_kd_against"": 0.0, ""prior_finish_loss_rate"": 0.0}"
Heavyweight,defense,worst,1,Josh Parisian,-2.105,7,791,"{""avg_sig_str_defense"": 0.381, ""avg_td_defense"": 0.324, ""avg_sig_str_absorbed_per_15"": 120.376, ""avg_td_absorbed_per_15"": 2.469, ""avg_ctrl_absorbed_seconds_per_15"": 336.453, ""avg_kd_against"": 0.286, ""prior_finish_loss_rate"": 0.429}"
Heavyweight,defense,worst,2,Chris Barnett,-1.893,6,196,"{""avg_sig_str_defense"": 0.37, ""avg_td_defense"": 0.286, ""avg_sig_str_absorbed_per_15"": 105.651, ""avg_td_absorbed_per_15"": 2.189, ""avg_ctrl_absorbed_seconds_per_15"": 282.685, ""avg_kd_against"": 0.333, ""prior_finish_loss_rate"": 0.333}"
Heavyweight,defense,worst,3,Lukasz Brzeski,-1.502,7,294,"{""avg_sig_str_defense"": 0.526, ""avg_td_defense"": 0.195, ""avg_sig_str_absorbed_per_15"": 70.733, ""avg_td_absorbed_per_15"": 2.484, ""avg_ctrl_absorbed_seconds_per_15"": 258.052, ""avg_kd_against"": 0.571, ""prior_finish_loss_rate"": 0.571}"
Heavyweight,defense,worst,4,Derrick Lewis,-0.931,31,105,"{""avg_sig_str_defense"": 0.415, ""avg_td_defense"": 0.519, ""avg_sig_str_absorbed_per_15"": 49.207, ""avg_td_absorbed_per_15"": 2.847, ""avg_ctrl_absorbed_seconds_per_15"": 266.24, ""avg_kd_against"": 0.161, ""prior_finish_loss_rate"": 0.323}"
Heavyweight,defense,worst,5,Don'Tale Mayes,-0.875,11,371,"{""avg_sig_str_defense"": 0.473, ""avg_td_defense"": 0.426, ""avg_sig_str_absorbed_per_15"": 49.597, ""avg_td_absorbed_per_15"": 2.906, ""avg_ctrl_absorbed_seconds_per_15"": 321.121, ""avg_kd_against"": 0.091, ""prior_finish_loss_rate"": 0.273}"
Heavyweight,elo,best,1,Jon Jones,1793.811,23,539,"{""prior_elo"": 1793.811, ""prior_peak_elo"": 1793.811, ""prior_win_rate"": 0.957, ""prior_fights"": 23}"
Heavyweight,elo,best,2,Stipe Miocic,1663.694,19,539,"{""prior_elo"": 1663.694, ""prior_peak_elo"": 1700.009, ""prior_win_rate"": 0.737, ""prior_fights"": 19}"
Heavyweight,elo,best,3,Alexander Volkov,1661.434,19,0,"{""prior_elo"": 1661.434, ""prior_peak_elo"": 1661.434, ""prior_win_rate"": 0.737, ""prior_fights"": 19}"
Heavyweight,elo,best,4,Ciryl Gane,1653.704,12,518,"{""prior_elo"": 1653.704, ""prior_peak_elo"": 1653.704, ""prior_win_rate"": 0.833, ""prior_fights"": 12}"
Heavyweight,elo,best,5,Tom Aspinall,1638.584,9,651,"{""prior_elo"": 1638.584, ""prior_peak_elo"": 1638.584, ""prior_win_rate"": 0.889, ""prior_fights"": 9}"
Heavyweight,elo,worst,1,Chase Sherman,1416.515,15,1092,"{""prior_elo"": 1416.515, ""prior_peak_elo"": 1499.606, ""prior_win_rate"": 0.267, ""prior_fights"": 15}"
Heavyweight,elo,worst,2,Lukasz Brzeski,1428.984,7,294,"{""prior_elo"": 1428.984, ""prior_peak_elo"": 1487.034, ""prior_win_rate"": 0.143, ""prior_fights"": 7}"
Heavyweight,elo,worst,3,Jake Collier,1438.61,14,959,"{""prior_elo"": 1438.61, ""prior_peak_elo"": 1495.93, ""prior_win_rate"": 0.357, ""prior_fights"": 14}"
Heavyweight,elo,worst,4,Josh Parisian,1448.022,7,791,"{""prior_elo"": 1448.022, ""prior_peak_elo"": 1496.064, ""prior_win_rate"": 0.286, ""prior_fights"": 7}"
Heavyweight,elo,worst,5,Don'Tale Mayes,1466.059,11,371,"{""prior_elo"": 1466.059, ""prior_peak_elo"": 1514.568, ""prior_win_rate"": 0.364, ""prior_fights"": 11}"
Heavyweight,experience,best,1,Andrei Arlovski,41.0,41,679,"{""prior_fights"": 41, ""prior_wins"": 23, ""prior_losses"": 18, ""prior_win_rate"": 0.561}"
Heavyweight,experience,best,2,Derrick Lewis,31.0,31,105,"{""prior_fights"": 31, ""prior_wins"": 20, ""prior_losses"": 11, ""prior_win_rate"": 0.645}"
Heavyweight,experience,best,3,Marcin Tybura,24.0,24,42,"{""prior_fights"": 24, ""prior_wins"": 14, ""prior_losses"": 10, ""prior_win_rate"": 0.583}"
Heavyweight,experience,best,4,Jon Jones,23.0,23,539,"{""prior_fights"": 23, ""prior_wins"": 22, ""prior_losses"": 1, ""prior_win_rate"": 0.957}"
Heavyweight,experience,best,5,Curtis Blaydes,20.0,20,28,"{""prior_fights"": 20, ""prior_wins"": 14, ""prior_losses"": 6, ""prior_win_rate"": 0.7}"
Heavyweight,experience,worst,1,Valter Walker,5.0,5,196,"{""prior_fights"": 5, ""prior_wins"": 4, ""prior_losses"": 1, ""prior_win_rate"": 0.8}"
Heavyweight,experience,worst,2,Jhonata Diniz,5.0,5,210,"{""prior_fights"": 5, ""prior_wins"": 3, ""prior_losses"": 2, ""prior_win_rate"": 0.6}"
Heavyweight,experience,worst,3,Mick Parkin,5.0,5,413,"{""prior_fights"": 5, ""prior_wins"": 4, ""prior_losses"": 1, ""prior_win_rate"": 0.8}"
Heavyweight,experience,worst,4,Chris Barnett,6.0,6,196,"{""prior_fights"": 6, ""prior_wins"": 2, ""prior_losses"": 4, ""prior_win_rate"": 0.333}"
Heavyweight,experience,worst,5,Shamil Gaziev,6.0,6,7,"{""prior_fights"": 6, ""prior_wins"": 3, ""prior_losses"": 3, ""prior_win_rate"": 0.5}"
Heavyweight,reach,best,1,Jon Jones,84.0,23,539,"{""height_inches"": 76.0, ""reach_inches"": 84.0, ""reach_minus_height_inches"": 8.0}"
Heavyweight,reach,best,2,Sergei Pavlovich,84.0,11,259,"{""height_inches"": 75.0, ""reach_inches"": 84.0, ""reach_minus_height_inches"": 9.0}"
Heavyweight,reach,best,3,Kennedy Nzechukwu,83.0,14,301,"{""height_inches"": 77.0, ""reach_inches"": 83.0, ""reach_minus_height_inches"": 6.0}"
Heavyweight,reach,best,4,Don'Tale Mayes,81.0,11,371,"{""height_inches"": 78.0, ""reach_inches"": 81.0, ""reach_minus_height_inches"": 3.0}"
Heavyweight,reach,best,5,Ciryl Gane,81.0,12,518,"{""height_inches"": 76.0, ""reach_inches"": 81.0, ""reach_minus_height_inches"": 5.0}"
Heavyweight,reach,worst,1,Ilir Latifi,73.0,16,1085,"{""height_inches"": 70.0, ""reach_inches"": 73.0, ""reach_minus_height_inches"": 3.0}"
Heavyweight,reach,worst,2,Blagoy Ivanov,73.0,8,1043,"{""height_inches"": 71.0, ""reach_inches"": 73.0, ""reach_minus_height_inches"": 2.0}"
Heavyweight,reach,worst,3,Justin Tafa,74.0,9,455,"{""height_inches"": 72.0, ""reach_inches"": 74.0, ""reach_minus_height_inches"": 2.0}"
Heavyweight,reach,worst,4,Thomas Petersen,74.0,6,35,"{""height_inches"": 73.0, ""reach_inches"": 74.0, ""reach_minus_height_inches"": 1.0}"
Heavyweight,reach,worst,5,Parker Porter,75.0,8,987,"{""height_inches"": 72.0, ""reach_inches"": 75.0, ""reach_minus_height_inches"": 3.0}"
Heavyweight,reach_for_size,best,1,Sergei Pavlovich,9.0,11,259,"{""height_inches"": 75.0, ""reach_inches"": 84.0, ""reach_minus_height_inches"": 9.0}"
Heavyweight,reach_for_size,best,2,Jon Jones,8.0,23,539,"{""height_inches"": 76.0, ""reach_inches"": 84.0, ""reach_minus_height_inches"": 8.0}"
Heavyweight,reach_for_size,best,3,Kennedy Nzechukwu,6.0,14,301,"{""height_inches"": 77.0, ""reach_inches"": 83.0, ""reach_minus_height_inches"": 6.0}"
Heavyweight,reach_for_size,best,4,Chris Barnett,6.0,6,196,"{""height_inches"": 69.0, ""reach_inches"": 75.0, ""reach_minus_height_inches"": 6.0}"
Heavyweight,reach_for_size,best,5,Rodrigo Nascimento,6.0,7,553,"{""height_inches"": 74.0, ""reach_inches"": 80.0, ""reach_minus_height_inches"": 6.0}"
Heavyweight,reach_for_size,worst,1,Valter Walker,0.0,5,196,"{""height_inches"": 78.0, ""reach_inches"": 78.0, ""reach_minus_height_inches"": 0.0}"
Heavyweight,reach_for_size,worst,2,Alexander Volkov,1.0,19,0,"{""height_inches"": 79.0, ""reach_inches"": 80.0, ""reach_minus_height_inches"": 1.0}"
Heavyweight,reach_for_size,worst,3,Tanner Boser,1.0,11,21,"{""height_inches"": 74.0, ""reach_inches"": 75.0, ""reach_minus_height_inches"": 1.0}"
Heavyweight,reach_for_size,worst,4,Tai Tuivasa,1.0,18,7,"{""height_inches"": 74.0, ""reach_inches"": 75.0, ""reach_minus_height_inches"": 1.0}"
Heavyweight,reach_for_size,worst,5,Alexandr Romanov,1.0,10,553,"{""height_inches"": 74.0, ""reach_inches"": 75.0, ""reach_minus_height_inches"": 1.0}"
